-- phpMyAdmin SQL Dump
-- version 4.5.4.1deb2ubuntu2
-- http://www.phpmyadmin.net
--
-- Host: localhost
-- Generation Time: Dec 20, 2017 at 10:40 AM
-- Server version: 5.7.20-0ubuntu0.16.04.1
-- PHP Version: 7.0.22-0ubuntu0.16.04.1

SET SQL_MODE = "NO_AUTO_VALUE_ON_ZERO";
SET time_zone = "+00:00";


/*!40101 SET @OLD_CHARACTER_SET_CLIENT=@@CHARACTER_SET_CLIENT */;
/*!40101 SET @OLD_CHARACTER_SET_RESULTS=@@CHARACTER_SET_RESULTS */;
/*!40101 SET @OLD_COLLATION_CONNECTION=@@COLLATION_CONNECTION */;
/*!40101 SET NAMES utf8mb4 */;

--
-- Database: `drApp`
--

-- --------------------------------------------------------

--
-- Table structure for table `admins`
--

CREATE TABLE `admins` (
  `id` bigint(20) NOT NULL,
  `email` varchar(255) NOT NULL,
  `password` varchar(255) NOT NULL,
  `mobile` varchar(255) DEFAULT NULL,
  `profile_image` varchar(255) DEFAULT NULL,
  `name` varchar(255) NOT NULL,
  `linkedin` varchar(255) DEFAULT NULL,
  `twitter` varchar(255) DEFAULT NULL,
  `role` int(11) NOT NULL,
  `location` varchar(255) DEFAULT NULL,
  `created_at` timestamp NOT NULL DEFAULT CURRENT_TIMESTAMP,
  `updated_at` timestamp NOT NULL DEFAULT CURRENT_TIMESTAMP ON UPDATE CURRENT_TIMESTAMP
) ENGINE=InnoDB DEFAULT CHARSET=latin1;

--
-- Dumping data for table `admins`
--

INSERT INTO `admins` (`id`, `email`, `password`, `mobile`, `profile_image`, `name`, `linkedin`, `twitter`, `role`, `location`, `created_at`, `updated_at`) VALUES
(1, 'admin@gmail.com', '$2y$10$AHBebkwd/u3n8D8YISbxqeFykgtqSnz/OupJ0p53xTJyaGbJ1VVVq', '8410107875', '1513248017_myDp.jpg', 'gaurav marvaha', 'gaurav@linkedin.com', 'gaurav.twitter@twiter.com', 1, 'Delhi (Rohini)', '2017-11-07 10:58:08', '2017-12-14 16:10:17');

-- --------------------------------------------------------

--
-- Table structure for table `appointments`
--

CREATE TABLE `appointments` (
  `id` int(11) NOT NULL,
  `patient_id` bigint(20) NOT NULL,
  `patient_age` int(11) DEFAULT NULL,
  `patient_gender` varchar(255) DEFAULT NULL,
  `question` text,
  `previous_illness_desc` text,
  `doctor_id` bigint(20) NOT NULL,
  `time_slot_id` bigint(20) NOT NULL,
  `day_id` bigint(20) NOT NULL,
  `appointment_date` date NOT NULL,
  `status_of_appointment` varchar(255) NOT NULL DEFAULT 'Pending' COMMENT '0 (pending) 1 ( accepted by doctor ) 2 (precessing) 3 (complete) 4 (rejected by doctor )',
  `reffered_to_doctor_id` bigint(20) DEFAULT NULL,
  `rescheduled_by_doctor` bigint(20) DEFAULT NULL,
  `rescheduled_time_slot_id` bigint(20) DEFAULT NULL,
  `rescheduled_day_id` bigint(20) DEFAULT NULL,
  `rescheduled_date` date DEFAULT NULL,
  `rescheduled_by_patient` bigint(20) DEFAULT NULL,
  `created_at` timestamp NOT NULL DEFAULT CURRENT_TIMESTAMP,
  `updated_at` timestamp NOT NULL DEFAULT CURRENT_TIMESTAMP ON UPDATE CURRENT_TIMESTAMP
) ENGINE=InnoDB DEFAULT CHARSET=latin1;

--
-- Dumping data for table `appointments`
--

INSERT INTO `appointments` (`id`, `patient_id`, `patient_age`, `patient_gender`, `question`, `previous_illness_desc`, `doctor_id`, `time_slot_id`, `day_id`, `appointment_date`, `status_of_appointment`, `reffered_to_doctor_id`, `rescheduled_by_doctor`, `rescheduled_time_slot_id`, `rescheduled_day_id`, `rescheduled_date`, `rescheduled_by_patient`, `created_at`, `updated_at`) VALUES
(1, 46, NULL, NULL, NULL, NULL, 45, 42, 6, '2017-12-15', 'Pending', NULL, NULL, 48, 6, '2017-12-15', 1, '2017-12-15 14:43:28', '2017-12-15 20:14:14'),
(2, 52, NULL, NULL, NULL, NULL, 5, 2, 2, '2017-12-18', 'Expired', NULL, NULL, NULL, NULL, NULL, NULL, '2017-12-17 09:32:44', '2017-12-20 09:37:55'),
(6, 52, 1, 'Male', 'question', 'no history', 5, 6, 3, '2017-12-19', 'Cancelled', NULL, NULL, NULL, NULL, NULL, NULL, '2017-12-18 06:19:16', '2017-12-18 16:32:26'),
(7, 48, NULL, NULL, NULL, NULL, 47, 45, 2, '2017-12-18', 'Accepted', NULL, NULL, NULL, NULL, NULL, NULL, '2017-12-18 06:31:12', '2017-12-18 12:01:21'),
(17, 34, NULL, NULL, NULL, NULL, 45, 45, 2, '2017-12-18', 'Pending', NULL, 1, 45, 3, '2017-12-19', NULL, '2017-12-18 09:56:38', '2017-12-18 15:31:05'),
(18, 34, NULL, NULL, NULL, NULL, 45, 45, 3, '2017-12-19', 'Pending', NULL, NULL, NULL, NULL, NULL, NULL, '2017-12-18 10:02:27', '2017-12-18 10:02:27'),
(19, 52, NULL, NULL, NULL, NULL, 5, 2, 3, '2017-12-19', 'Cancelled', NULL, NULL, NULL, NULL, NULL, NULL, '2017-12-18 11:17:05', '2017-12-18 16:48:50'),
(20, 52, NULL, NULL, NULL, NULL, 5, 2, 3, '2017-12-19', 'Cancelled', NULL, NULL, NULL, NULL, NULL, NULL, '2017-12-18 11:23:02', '2017-12-18 16:53:14'),
(21, 63, NULL, NULL, NULL, NULL, 62, 45, 3, '2017-12-19', 'Expired', NULL, NULL, NULL, NULL, NULL, NULL, '2017-12-19 10:26:04', '2017-12-19 22:50:29'),
(22, 52, NULL, NULL, NULL, NULL, 33, 42, 5, '2017-12-21', 'Cancelled', NULL, NULL, 48, 5, '2017-12-21', 1, '2017-12-19 10:39:28', '2017-12-19 17:22:33'),
(23, 52, NULL, NULL, NULL, NULL, 33, 40, 4, '2017-12-20', 'Pending', NULL, NULL, 26, 4, '2017-12-20', 1, '2017-12-19 11:27:48', '2017-12-19 17:22:20'),
(24, 52, NULL, NULL, NULL, NULL, 33, 41, 5, '2017-12-21', 'Pending', NULL, NULL, NULL, NULL, NULL, NULL, '2017-12-19 11:54:47', '2017-12-19 11:54:47'),
(25, 52, NULL, NULL, NULL, NULL, 5, 24, 6, '2017-12-22', 'Accepted', NULL, NULL, NULL, NULL, NULL, NULL, '2017-12-19 12:05:11', '2017-12-20 12:03:08'),
(26, 63, NULL, NULL, NULL, NULL, 62, 23, 4, '2017-12-20', 'Expired', NULL, NULL, NULL, NULL, NULL, NULL, '2017-12-19 17:25:14', '2017-12-20 11:09:44'),
(27, 63, NULL, NULL, NULL, NULL, 62, 43, 4, '2017-12-20', 'Completed', NULL, NULL, NULL, NULL, NULL, NULL, '2017-12-20 05:52:28', '2017-12-20 13:12:08'),
(28, 63, NULL, NULL, NULL, NULL, 62, 40, 4, '2017-12-20', 'Completed', NULL, NULL, NULL, NULL, NULL, NULL, '2017-12-20 09:39:27', '2017-12-20 15:31:50'),
(29, 63, NULL, NULL, NULL, NULL, 62, 37, 4, '2017-12-20', 'Completed', NULL, NULL, NULL, NULL, NULL, NULL, '2017-12-20 09:39:37', '2017-12-20 15:31:43'),
(30, 63, NULL, NULL, NULL, NULL, 62, 46, 4, '2017-12-20', 'Completed', NULL, NULL, NULL, NULL, NULL, NULL, '2017-12-20 09:39:47', '2017-12-20 15:31:37'),
(31, 63, NULL, NULL, NULL, NULL, 62, 38, 4, '2017-12-20', 'Completed', NULL, NULL, NULL, NULL, NULL, NULL, '2017-12-20 09:40:00', '2017-12-20 15:11:21'),
(32, 52, NULL, NULL, NULL, NULL, 5, 5, 5, '2017-12-21', 'Accepted', NULL, NULL, NULL, NULL, NULL, NULL, '2017-12-20 09:43:18', '2017-12-20 15:13:35'),
(33, 52, NULL, NULL, NULL, NULL, 5, 1, 5, '2017-12-21', 'Rejected', NULL, NULL, NULL, NULL, NULL, NULL, '2017-12-20 09:44:08', '2017-12-20 15:14:24');

-- --------------------------------------------------------

--
-- Table structure for table `categories`
--

CREATE TABLE `categories` (
  `id` bigint(20) NOT NULL,
  `name` varchar(255) NOT NULL,
  `slug` enum('sp','qu') NOT NULL DEFAULT 'sp',
  `icon_path` varchar(255) DEFAULT NULL,
  `description` varchar(255) DEFAULT NULL,
  `status` int(11) NOT NULL DEFAULT '1',
  `created_at` timestamp NOT NULL DEFAULT CURRENT_TIMESTAMP,
  `updated_at` timestamp NOT NULL DEFAULT CURRENT_TIMESTAMP ON UPDATE CURRENT_TIMESTAMP
) ENGINE=InnoDB DEFAULT CHARSET=latin1;

--
-- Dumping data for table `categories`
--

INSERT INTO `categories` (`id`, `name`, `slug`, `icon_path`, `description`, `status`, `created_at`, `updated_at`) VALUES
(1, 'Dermatology', 'sp', 'Dermatology.png', NULL, 1, '2017-10-24 14:09:32', '2017-11-06 07:19:42'),
(2, 'Pediatric', 'sp', 'Pediatric.png', NULL, 1, '2017-10-24 14:09:43', '2017-11-06 07:19:57'),
(3, 'Psychiatry', 'sp', 'Psychiatry.png', NULL, 1, '2017-10-24 14:09:48', '2017-11-06 07:20:11'),
(4, 'Psychology', 'sp', 'Psychology.png', NULL, 1, '2017-10-24 14:09:55', '2017-11-06 07:20:23'),
(5, 'Internal Medicine', 'sp', 'InternalMedicine.png', NULL, 1, '2017-10-24 14:09:55', '2017-11-06 07:20:34'),
(6, 'OB/GNY', 'sp', 'OB_GNY.png', NULL, 1, '2017-10-24 14:09:55', '2017-11-06 07:20:44'),
(7, 'Plastic Surgery', 'sp', 'PlasticSurgery.png', NULL, 1, '2017-10-24 14:09:55', '2017-11-06 07:20:56'),
(8, 'Dental', 'sp', 'Dental.png', NULL, 1, '2017-10-24 14:09:55', '2017-11-06 07:21:07'),
(9, 'ENT', 'sp', 'ENT.png', NULL, 1, '2017-10-24 14:09:55', '2017-11-06 07:21:17'),
(10, 'Ophthalmology', 'sp', 'Ophthalmology.png', NULL, 1, '2017-10-24 14:09:55', '2017-11-06 07:21:30'),
(11, 'Diabetes & Endocrine', 'sp', 'Diabetes&Endocrine.png', NULL, 1, '2017-10-24 14:09:55', '2017-11-06 07:21:40'),
(12, 'Family Medicine', 'sp', 'FamilyMedicine.png', NULL, 1, '2017-10-24 14:09:55', '2017-11-06 07:21:51'),
(13, 'Urology', 'sp', 'Urology.png', NULL, 1, '2017-10-24 14:09:55', '2017-11-06 07:21:59'),
(14, 'General Surgery', 'sp', 'GeneralSurgery.png', NULL, 1, '2017-10-24 14:09:55', '2017-11-06 07:22:09'),
(15, 'Orthopedic', 'sp', 'Orthopedic.png', NULL, 1, '2017-10-24 14:09:55', '2017-11-06 07:22:20'),
(16, 'Nutrition', 'sp', 'Nutrition.png', NULL, 1, '2017-10-24 14:09:55', '2017-11-06 07:22:29');

-- --------------------------------------------------------

--
-- Table structure for table `days`
--

CREATE TABLE `days` (
  `id` int(11) NOT NULL,
  `name` varchar(255) NOT NULL,
  `created_at` timestamp NOT NULL DEFAULT CURRENT_TIMESTAMP,
  `updated_at` timestamp NOT NULL DEFAULT CURRENT_TIMESTAMP ON UPDATE CURRENT_TIMESTAMP
) ENGINE=InnoDB DEFAULT CHARSET=latin1;

--
-- Dumping data for table `days`
--

INSERT INTO `days` (`id`, `name`, `created_at`, `updated_at`) VALUES
(1, 'Sunday', '2017-10-28 09:09:51', '2017-10-28 09:09:51'),
(2, 'Monday', '2017-10-28 09:10:01', '2017-10-28 09:10:01'),
(3, 'Tuesday', '2017-10-28 09:10:15', '2017-10-28 09:10:48'),
(4, 'Wednesday', '2017-10-28 09:10:23', '2017-10-28 09:10:56'),
(5, 'Thursday', '2017-10-28 09:10:23', '2017-10-28 09:10:56'),
(6, 'Friday', '2017-10-28 09:10:23', '2017-10-28 09:10:56'),
(7, 'Saturday', '2017-10-28 09:10:23', '2017-10-28 09:10:56');

-- --------------------------------------------------------

--
-- Table structure for table `doctor_availabilities`
--

CREATE TABLE `doctor_availabilities` (
  `id` bigint(20) NOT NULL,
  `day_id` bigint(20) NOT NULL,
  `time_slot_id` bigint(20) NOT NULL,
  `doctor_id` bigint(20) NOT NULL,
  `created_at` timestamp NOT NULL DEFAULT CURRENT_TIMESTAMP,
  `updated_at` timestamp NOT NULL DEFAULT CURRENT_TIMESTAMP ON UPDATE CURRENT_TIMESTAMP
) ENGINE=InnoDB DEFAULT CHARSET=latin1;

--
-- Dumping data for table `doctor_availabilities`
--

INSERT INTO `doctor_availabilities` (`id`, `day_id`, `time_slot_id`, `doctor_id`, `created_at`, `updated_at`) VALUES
(1, 3, 35, 6, '2017-12-12 11:45:37', '2017-12-12 11:45:37'),
(2, 3, 36, 6, '2017-12-12 11:45:37', '2017-12-12 11:45:37'),
(3, 3, 37, 6, '2017-12-12 11:45:37', '2017-12-12 11:45:37'),
(4, 3, 38, 6, '2017-12-12 11:45:37', '2017-12-12 11:45:37'),
(5, 3, 39, 6, '2017-12-12 11:45:37', '2017-12-12 11:45:37'),
(6, 3, 40, 6, '2017-12-12 11:45:37', '2017-12-12 11:45:37'),
(7, 3, 41, 6, '2017-12-12 11:45:37', '2017-12-12 11:45:37'),
(8, 3, 42, 6, '2017-12-12 11:45:37', '2017-12-12 11:45:37'),
(9, 3, 43, 6, '2017-12-12 11:45:37', '2017-12-12 11:45:37'),
(10, 3, 44, 6, '2017-12-12 11:45:37', '2017-12-12 11:45:37'),
(11, 3, 45, 6, '2017-12-12 11:45:37', '2017-12-12 11:45:37'),
(12, 1, 1, 5, '2017-12-12 12:44:40', '2017-12-12 12:44:40'),
(13, 1, 6, 5, '2017-12-12 12:44:40', '2017-12-12 12:44:40'),
(14, 1, 11, 5, '2017-12-12 12:44:40', '2017-12-12 12:44:40'),
(15, 1, 16, 5, '2017-12-12 12:44:40', '2017-12-12 12:44:40'),
(16, 1, 20, 5, '2017-12-12 12:44:40', '2017-12-12 12:44:40'),
(23, 3, 2, 5, '2017-12-12 12:44:52', '2017-12-12 12:44:52'),
(24, 3, 6, 5, '2017-12-12 12:44:52', '2017-12-12 12:44:52'),
(25, 3, 10, 5, '2017-12-12 12:44:52', '2017-12-12 12:44:52'),
(26, 3, 14, 5, '2017-12-12 12:44:52', '2017-12-12 12:44:52'),
(27, 3, 18, 5, '2017-12-12 12:44:52', '2017-12-12 12:44:52'),
(28, 3, 22, 5, '2017-12-12 12:44:52', '2017-12-12 12:44:52'),
(29, 4, 3, 5, '2017-12-12 12:44:58', '2017-12-12 12:44:58'),
(30, 4, 7, 5, '2017-12-12 12:44:58', '2017-12-12 12:44:58'),
(31, 4, 11, 5, '2017-12-12 12:44:58', '2017-12-12 12:44:58'),
(32, 4, 15, 5, '2017-12-12 12:44:58', '2017-12-12 12:44:58'),
(33, 4, 19, 5, '2017-12-12 12:44:58', '2017-12-12 12:44:58'),
(34, 4, 23, 5, '2017-12-12 12:44:58', '2017-12-12 12:44:58'),
(35, 5, 1, 5, '2017-12-12 12:45:07', '2017-12-12 12:45:07'),
(36, 5, 5, 5, '2017-12-12 12:45:07', '2017-12-12 12:45:07'),
(37, 5, 9, 5, '2017-12-12 12:45:07', '2017-12-12 12:45:07'),
(38, 5, 13, 5, '2017-12-12 12:45:07', '2017-12-12 12:45:07'),
(39, 5, 17, 5, '2017-12-12 12:45:07', '2017-12-12 12:45:07'),
(40, 5, 21, 5, '2017-12-12 12:45:07', '2017-12-12 12:45:07'),
(41, 6, 4, 5, '2017-12-12 12:45:14', '2017-12-12 12:45:14'),
(42, 6, 8, 5, '2017-12-12 12:45:14', '2017-12-12 12:45:14'),
(43, 6, 12, 5, '2017-12-12 12:45:14', '2017-12-12 12:45:14'),
(44, 6, 16, 5, '2017-12-12 12:45:14', '2017-12-12 12:45:14'),
(45, 6, 20, 5, '2017-12-12 12:45:14', '2017-12-12 12:45:14'),
(46, 6, 24, 5, '2017-12-12 12:45:14', '2017-12-12 12:45:14'),
(53, 7, 3, 5, '2017-12-12 12:45:55', '2017-12-12 12:45:55'),
(54, 7, 7, 5, '2017-12-12 12:45:55', '2017-12-12 12:45:55'),
(55, 7, 11, 5, '2017-12-12 12:45:55', '2017-12-12 12:45:55'),
(56, 7, 15, 5, '2017-12-12 12:45:55', '2017-12-12 12:45:55'),
(57, 7, 19, 5, '2017-12-12 12:45:55', '2017-12-12 12:45:55'),
(58, 7, 23, 5, '2017-12-12 12:45:55', '2017-12-12 12:45:55'),
(71, 3, 43, 17, '2017-12-12 17:09:03', '2017-12-12 17:09:03'),
(72, 3, 44, 17, '2017-12-12 17:09:03', '2017-12-12 17:09:03'),
(73, 3, 45, 17, '2017-12-12 17:09:03', '2017-12-12 17:09:03'),
(74, 3, 46, 17, '2017-12-12 17:09:03', '2017-12-12 17:09:03'),
(75, 3, 47, 17, '2017-12-12 17:09:03', '2017-12-12 17:09:03'),
(76, 3, 48, 17, '2017-12-12 17:09:03', '2017-12-12 17:09:03'),
(77, 4, 23, 22, '2017-12-13 05:38:16', '2017-12-13 05:38:16'),
(78, 4, 24, 22, '2017-12-13 05:38:16', '2017-12-13 05:38:16'),
(79, 4, 25, 22, '2017-12-13 05:38:16', '2017-12-13 05:38:16'),
(80, 4, 26, 22, '2017-12-13 05:38:16', '2017-12-13 05:38:16'),
(81, 4, 27, 22, '2017-12-13 05:38:16', '2017-12-13 05:38:16'),
(82, 4, 28, 22, '2017-12-13 05:38:16', '2017-12-13 05:38:16'),
(83, 4, 29, 22, '2017-12-13 05:38:16', '2017-12-13 05:38:16'),
(84, 4, 30, 22, '2017-12-13 05:38:16', '2017-12-13 05:38:16'),
(85, 4, 31, 22, '2017-12-13 05:38:16', '2017-12-13 05:38:16'),
(86, 4, 32, 22, '2017-12-13 05:38:16', '2017-12-13 05:38:16'),
(87, 4, 33, 22, '2017-12-13 05:38:16', '2017-12-13 05:38:16'),
(88, 4, 34, 22, '2017-12-13 05:38:16', '2017-12-13 05:38:16'),
(89, 4, 35, 22, '2017-12-13 05:38:16', '2017-12-13 05:38:16'),
(90, 4, 36, 22, '2017-12-13 05:38:16', '2017-12-13 05:38:16'),
(91, 4, 37, 22, '2017-12-13 05:38:16', '2017-12-13 05:38:16'),
(92, 4, 38, 22, '2017-12-13 05:38:16', '2017-12-13 05:38:16'),
(93, 4, 39, 22, '2017-12-13 05:38:16', '2017-12-13 05:38:16'),
(94, 4, 40, 22, '2017-12-13 05:38:16', '2017-12-13 05:38:16'),
(95, 4, 41, 22, '2017-12-13 05:38:16', '2017-12-13 05:38:16'),
(96, 4, 42, 22, '2017-12-13 05:38:16', '2017-12-13 05:38:16'),
(97, 4, 25, 29, '2017-12-13 06:58:41', '2017-12-13 06:58:41'),
(98, 4, 26, 29, '2017-12-13 06:58:41', '2017-12-13 06:58:41'),
(99, 4, 27, 29, '2017-12-13 06:58:41', '2017-12-13 06:58:41'),
(100, 4, 28, 29, '2017-12-13 06:58:41', '2017-12-13 06:58:41'),
(101, 4, 29, 29, '2017-12-13 06:58:41', '2017-12-13 06:58:41'),
(102, 4, 30, 29, '2017-12-13 06:58:41', '2017-12-13 06:58:41'),
(103, 4, 31, 29, '2017-12-13 06:58:41', '2017-12-13 06:58:41'),
(104, 4, 32, 29, '2017-12-13 06:58:41', '2017-12-13 06:58:41'),
(105, 4, 33, 29, '2017-12-13 06:58:41', '2017-12-13 06:58:41'),
(106, 4, 34, 29, '2017-12-13 06:58:41', '2017-12-13 06:58:41'),
(107, 4, 35, 29, '2017-12-13 06:58:41', '2017-12-13 06:58:41'),
(108, 4, 36, 29, '2017-12-13 06:58:41', '2017-12-13 06:58:41'),
(109, 4, 25, 33, '2017-12-13 07:22:38', '2017-12-13 07:22:38'),
(110, 4, 26, 33, '2017-12-13 07:22:38', '2017-12-13 07:22:38'),
(111, 4, 27, 33, '2017-12-13 07:22:38', '2017-12-13 07:22:38'),
(112, 4, 28, 33, '2017-12-13 07:22:38', '2017-12-13 07:22:38'),
(113, 4, 29, 33, '2017-12-13 07:22:38', '2017-12-13 07:22:38'),
(114, 4, 30, 33, '2017-12-13 07:22:38', '2017-12-13 07:22:38'),
(115, 4, 31, 33, '2017-12-13 07:22:38', '2017-12-13 07:22:38'),
(116, 4, 32, 33, '2017-12-13 07:22:38', '2017-12-13 07:22:38'),
(117, 4, 33, 33, '2017-12-13 07:22:38', '2017-12-13 07:22:38'),
(118, 4, 34, 33, '2017-12-13 07:22:38', '2017-12-13 07:22:38'),
(119, 4, 35, 33, '2017-12-13 07:22:38', '2017-12-13 07:22:38'),
(120, 4, 36, 33, '2017-12-13 07:22:38', '2017-12-13 07:22:38'),
(121, 4, 37, 33, '2017-12-13 07:22:38', '2017-12-13 07:22:38'),
(122, 4, 38, 33, '2017-12-13 07:22:38', '2017-12-13 07:22:38'),
(123, 4, 39, 33, '2017-12-13 07:22:38', '2017-12-13 07:22:38'),
(124, 4, 40, 33, '2017-12-13 07:22:38', '2017-12-13 07:22:38'),
(125, 4, 41, 33, '2017-12-13 07:22:38', '2017-12-13 07:22:38'),
(126, 4, 42, 33, '2017-12-13 07:22:38', '2017-12-13 07:22:38'),
(127, 4, 43, 33, '2017-12-13 07:22:38', '2017-12-13 07:22:38'),
(128, 4, 44, 33, '2017-12-13 07:22:38', '2017-12-13 07:22:38'),
(129, 4, 45, 33, '2017-12-13 07:22:38', '2017-12-13 07:22:38'),
(130, 4, 46, 33, '2017-12-13 07:22:38', '2017-12-13 07:22:38'),
(131, 4, 47, 33, '2017-12-13 07:22:38', '2017-12-13 07:22:38'),
(132, 4, 48, 33, '2017-12-13 07:22:38', '2017-12-13 07:22:38'),
(142, 1, 5, 45, '2017-12-14 10:50:44', '2017-12-14 10:50:44'),
(143, 1, 8, 45, '2017-12-14 10:50:44', '2017-12-14 10:50:44'),
(144, 1, 11, 45, '2017-12-14 10:50:44', '2017-12-14 10:50:44'),
(145, 1, 14, 45, '2017-12-14 10:50:44', '2017-12-14 10:50:44'),
(146, 1, 17, 45, '2017-12-14 10:50:44', '2017-12-14 10:50:44'),
(147, 1, 33, 45, '2017-12-14 10:50:44', '2017-12-14 10:50:44'),
(148, 1, 36, 45, '2017-12-14 10:50:44', '2017-12-14 10:50:44'),
(149, 1, 39, 45, '2017-12-14 10:50:44', '2017-12-14 10:50:44'),
(150, 1, 42, 45, '2017-12-14 10:50:44', '2017-12-14 10:50:44'),
(161, 1, 38, 33, '2017-12-14 14:04:40', '2017-12-14 14:04:40'),
(162, 1, 39, 33, '2017-12-14 14:04:40', '2017-12-14 14:04:40'),
(163, 1, 41, 33, '2017-12-14 14:04:40', '2017-12-14 14:04:40'),
(164, 1, 42, 33, '2017-12-14 14:04:40', '2017-12-14 14:04:40'),
(165, 1, 44, 33, '2017-12-14 14:04:40', '2017-12-14 14:04:40'),
(166, 1, 45, 33, '2017-12-14 14:04:40', '2017-12-14 14:04:40'),
(167, 5, 40, 33, '2017-12-14 14:05:18', '2017-12-14 14:05:18'),
(168, 5, 41, 33, '2017-12-14 14:05:18', '2017-12-14 14:05:18'),
(169, 5, 42, 33, '2017-12-14 14:05:18', '2017-12-14 14:05:18'),
(170, 5, 43, 33, '2017-12-14 14:05:18', '2017-12-14 14:05:18'),
(171, 5, 44, 33, '2017-12-14 14:05:18', '2017-12-14 14:05:18'),
(172, 5, 45, 33, '2017-12-14 14:05:18', '2017-12-14 14:05:18'),
(173, 5, 46, 33, '2017-12-14 14:05:18', '2017-12-14 14:05:18'),
(174, 5, 47, 33, '2017-12-14 14:05:18', '2017-12-14 14:05:18'),
(175, 5, 48, 33, '2017-12-14 14:05:18', '2017-12-14 14:05:18'),
(203, 6, 24, 47, '2017-12-15 06:08:34', '2017-12-15 06:08:34'),
(204, 6, 25, 47, '2017-12-15 06:08:34', '2017-12-15 06:08:34'),
(205, 6, 26, 47, '2017-12-15 06:08:34', '2017-12-15 06:08:34'),
(206, 6, 27, 47, '2017-12-15 06:08:34', '2017-12-15 06:08:34'),
(207, 6, 28, 47, '2017-12-15 06:08:34', '2017-12-15 06:08:34'),
(208, 6, 29, 47, '2017-12-15 06:08:34', '2017-12-15 06:08:34'),
(209, 6, 30, 47, '2017-12-15 06:08:34', '2017-12-15 06:08:34'),
(210, 6, 31, 47, '2017-12-15 06:08:34', '2017-12-15 06:08:34'),
(211, 6, 32, 47, '2017-12-15 06:08:34', '2017-12-15 06:08:34'),
(212, 6, 33, 47, '2017-12-15 06:08:34', '2017-12-15 06:08:34'),
(213, 6, 34, 47, '2017-12-15 06:08:34', '2017-12-15 06:08:34'),
(214, 6, 35, 47, '2017-12-15 06:08:34', '2017-12-15 06:08:34'),
(215, 6, 36, 47, '2017-12-15 06:08:34', '2017-12-15 06:08:34'),
(216, 6, 37, 47, '2017-12-15 06:08:34', '2017-12-15 06:08:34'),
(217, 6, 38, 47, '2017-12-15 06:08:34', '2017-12-15 06:08:34'),
(218, 6, 39, 47, '2017-12-15 06:08:34', '2017-12-15 06:08:34'),
(219, 6, 40, 47, '2017-12-15 06:08:34', '2017-12-15 06:08:34'),
(220, 6, 41, 47, '2017-12-15 06:08:34', '2017-12-15 06:08:34'),
(284, 2, 24, 43, '2017-12-18 05:23:10', '2017-12-18 05:23:10'),
(285, 2, 25, 43, '2017-12-18 05:23:10', '2017-12-18 05:23:10'),
(286, 2, 26, 43, '2017-12-18 05:23:10', '2017-12-18 05:23:10'),
(287, 2, 27, 43, '2017-12-18 05:23:10', '2017-12-18 05:23:10'),
(288, 2, 28, 43, '2017-12-18 05:23:10', '2017-12-18 05:23:10'),
(289, 2, 29, 43, '2017-12-18 05:23:10', '2017-12-18 05:23:10'),
(290, 2, 30, 43, '2017-12-18 05:23:10', '2017-12-18 05:23:10'),
(291, 2, 31, 43, '2017-12-18 05:23:10', '2017-12-18 05:23:10'),
(292, 2, 32, 43, '2017-12-18 05:23:10', '2017-12-18 05:23:10'),
(311, 4, 24, 45, '2017-12-18 05:27:14', '2017-12-18 05:27:14'),
(312, 4, 25, 45, '2017-12-18 05:27:14', '2017-12-18 05:27:14'),
(313, 4, 26, 45, '2017-12-18 05:27:14', '2017-12-18 05:27:14'),
(314, 4, 27, 45, '2017-12-18 05:27:14', '2017-12-18 05:27:14'),
(315, 4, 28, 45, '2017-12-18 05:27:14', '2017-12-18 05:27:14'),
(316, 4, 29, 45, '2017-12-18 05:27:14', '2017-12-18 05:27:14'),
(317, 4, 30, 45, '2017-12-18 05:27:14', '2017-12-18 05:27:14'),
(318, 4, 31, 45, '2017-12-18 05:27:14', '2017-12-18 05:27:14'),
(319, 4, 32, 45, '2017-12-18 05:27:14', '2017-12-18 05:27:14'),
(320, 5, 24, 45, '2017-12-18 05:27:16', '2017-12-18 05:27:16'),
(321, 5, 25, 45, '2017-12-18 05:27:16', '2017-12-18 05:27:16'),
(322, 5, 26, 45, '2017-12-18 05:27:16', '2017-12-18 05:27:16'),
(323, 5, 27, 45, '2017-12-18 05:27:16', '2017-12-18 05:27:16'),
(324, 5, 28, 45, '2017-12-18 05:27:16', '2017-12-18 05:27:16'),
(325, 5, 29, 45, '2017-12-18 05:27:16', '2017-12-18 05:27:16'),
(326, 5, 30, 45, '2017-12-18 05:27:16', '2017-12-18 05:27:16'),
(327, 5, 31, 45, '2017-12-18 05:27:16', '2017-12-18 05:27:16'),
(328, 5, 32, 45, '2017-12-18 05:27:16', '2017-12-18 05:27:16'),
(329, 6, 24, 45, '2017-12-18 05:27:21', '2017-12-18 05:27:21'),
(330, 6, 25, 45, '2017-12-18 05:27:21', '2017-12-18 05:27:21'),
(331, 6, 26, 45, '2017-12-18 05:27:21', '2017-12-18 05:27:21'),
(332, 6, 27, 45, '2017-12-18 05:27:21', '2017-12-18 05:27:21'),
(333, 6, 28, 45, '2017-12-18 05:27:21', '2017-12-18 05:27:21'),
(334, 6, 29, 45, '2017-12-18 05:27:21', '2017-12-18 05:27:21'),
(335, 6, 30, 45, '2017-12-18 05:27:21', '2017-12-18 05:27:21'),
(336, 6, 31, 45, '2017-12-18 05:27:21', '2017-12-18 05:27:21'),
(337, 6, 32, 45, '2017-12-18 05:27:21', '2017-12-18 05:27:21'),
(338, 7, 24, 45, '2017-12-18 05:27:38', '2017-12-18 05:27:38'),
(339, 7, 25, 45, '2017-12-18 05:27:38', '2017-12-18 05:27:38'),
(340, 7, 26, 45, '2017-12-18 05:27:38', '2017-12-18 05:27:38'),
(341, 7, 27, 45, '2017-12-18 05:27:38', '2017-12-18 05:27:38'),
(342, 7, 28, 45, '2017-12-18 05:27:38', '2017-12-18 05:27:38'),
(343, 7, 29, 45, '2017-12-18 05:27:38', '2017-12-18 05:27:38'),
(344, 7, 30, 45, '2017-12-18 05:27:38', '2017-12-18 05:27:38'),
(345, 7, 31, 45, '2017-12-18 05:27:38', '2017-12-18 05:27:38'),
(346, 7, 32, 45, '2017-12-18 05:27:38', '2017-12-18 05:27:38'),
(347, 2, 24, 47, '2017-12-18 06:30:47', '2017-12-18 06:30:47'),
(348, 2, 25, 47, '2017-12-18 06:30:47', '2017-12-18 06:30:47'),
(349, 2, 26, 47, '2017-12-18 06:30:47', '2017-12-18 06:30:47'),
(350, 2, 27, 47, '2017-12-18 06:30:47', '2017-12-18 06:30:47'),
(351, 2, 28, 47, '2017-12-18 06:30:47', '2017-12-18 06:30:47'),
(352, 2, 29, 47, '2017-12-18 06:30:47', '2017-12-18 06:30:47'),
(353, 2, 30, 47, '2017-12-18 06:30:47', '2017-12-18 06:30:47'),
(354, 2, 31, 47, '2017-12-18 06:30:47', '2017-12-18 06:30:47'),
(355, 2, 32, 47, '2017-12-18 06:30:47', '2017-12-18 06:30:47'),
(356, 2, 33, 47, '2017-12-18 06:30:47', '2017-12-18 06:30:47'),
(357, 2, 34, 47, '2017-12-18 06:30:47', '2017-12-18 06:30:47'),
(358, 2, 35, 47, '2017-12-18 06:30:47', '2017-12-18 06:30:47'),
(359, 2, 36, 47, '2017-12-18 06:30:47', '2017-12-18 06:30:47'),
(360, 2, 37, 47, '2017-12-18 06:30:47', '2017-12-18 06:30:47'),
(361, 2, 38, 47, '2017-12-18 06:30:47', '2017-12-18 06:30:47'),
(362, 2, 39, 47, '2017-12-18 06:30:47', '2017-12-18 06:30:47'),
(363, 2, 40, 47, '2017-12-18 06:30:47', '2017-12-18 06:30:47'),
(364, 2, 41, 47, '2017-12-18 06:30:47', '2017-12-18 06:30:47'),
(365, 2, 42, 47, '2017-12-18 06:30:47', '2017-12-18 06:30:47'),
(366, 2, 43, 47, '2017-12-18 06:30:47', '2017-12-18 06:30:47'),
(367, 2, 44, 47, '2017-12-18 06:30:47', '2017-12-18 06:30:47'),
(368, 2, 45, 47, '2017-12-18 06:30:47', '2017-12-18 06:30:47'),
(369, 2, 24, 45, '2017-12-18 09:19:37', '2017-12-18 09:19:37'),
(370, 2, 25, 45, '2017-12-18 09:19:37', '2017-12-18 09:19:37'),
(371, 2, 26, 45, '2017-12-18 09:19:37', '2017-12-18 09:19:37'),
(372, 2, 27, 45, '2017-12-18 09:19:37', '2017-12-18 09:19:37'),
(373, 2, 28, 45, '2017-12-18 09:19:37', '2017-12-18 09:19:37'),
(374, 2, 29, 45, '2017-12-18 09:19:37', '2017-12-18 09:19:37'),
(375, 2, 30, 45, '2017-12-18 09:19:37', '2017-12-18 09:19:37'),
(376, 2, 31, 45, '2017-12-18 09:19:37', '2017-12-18 09:19:37'),
(377, 2, 32, 45, '2017-12-18 09:19:37', '2017-12-18 09:19:37'),
(378, 2, 33, 45, '2017-12-18 09:19:37', '2017-12-18 09:19:37'),
(379, 2, 34, 45, '2017-12-18 09:19:37', '2017-12-18 09:19:37'),
(380, 2, 35, 45, '2017-12-18 09:19:37', '2017-12-18 09:19:37'),
(381, 2, 36, 45, '2017-12-18 09:19:37', '2017-12-18 09:19:37'),
(382, 2, 37, 45, '2017-12-18 09:19:37', '2017-12-18 09:19:37'),
(383, 2, 38, 45, '2017-12-18 09:19:37', '2017-12-18 09:19:37'),
(384, 2, 39, 45, '2017-12-18 09:19:37', '2017-12-18 09:19:37'),
(385, 2, 40, 45, '2017-12-18 09:19:37', '2017-12-18 09:19:37'),
(386, 2, 41, 45, '2017-12-18 09:19:37', '2017-12-18 09:19:37'),
(387, 2, 42, 45, '2017-12-18 09:19:37', '2017-12-18 09:19:37'),
(388, 2, 43, 45, '2017-12-18 09:19:37', '2017-12-18 09:19:37'),
(389, 2, 44, 45, '2017-12-18 09:19:37', '2017-12-18 09:19:37'),
(390, 2, 45, 45, '2017-12-18 09:19:37', '2017-12-18 09:19:37'),
(391, 2, 46, 45, '2017-12-18 09:19:37', '2017-12-18 09:19:37'),
(392, 2, 47, 45, '2017-12-18 09:19:37', '2017-12-18 09:19:37'),
(393, 2, 48, 45, '2017-12-18 09:19:37', '2017-12-18 09:19:37'),
(394, 3, 24, 45, '2017-12-18 09:57:39', '2017-12-18 09:57:39'),
(395, 3, 25, 45, '2017-12-18 09:57:39', '2017-12-18 09:57:39'),
(396, 3, 26, 45, '2017-12-18 09:57:39', '2017-12-18 09:57:39'),
(397, 3, 27, 45, '2017-12-18 09:57:39', '2017-12-18 09:57:39'),
(398, 3, 28, 45, '2017-12-18 09:57:39', '2017-12-18 09:57:39'),
(399, 3, 29, 45, '2017-12-18 09:57:39', '2017-12-18 09:57:39'),
(400, 3, 30, 45, '2017-12-18 09:57:39', '2017-12-18 09:57:39'),
(401, 3, 31, 45, '2017-12-18 09:57:39', '2017-12-18 09:57:39'),
(402, 3, 32, 45, '2017-12-18 09:57:39', '2017-12-18 09:57:39'),
(403, 3, 33, 45, '2017-12-18 09:57:39', '2017-12-18 09:57:39'),
(404, 3, 34, 45, '2017-12-18 09:57:39', '2017-12-18 09:57:39'),
(405, 3, 35, 45, '2017-12-18 09:57:39', '2017-12-18 09:57:39'),
(406, 3, 36, 45, '2017-12-18 09:57:39', '2017-12-18 09:57:39'),
(407, 3, 37, 45, '2017-12-18 09:57:39', '2017-12-18 09:57:39'),
(408, 3, 38, 45, '2017-12-18 09:57:39', '2017-12-18 09:57:39'),
(409, 3, 39, 45, '2017-12-18 09:57:39', '2017-12-18 09:57:39'),
(410, 3, 40, 45, '2017-12-18 09:57:39', '2017-12-18 09:57:39'),
(411, 3, 41, 45, '2017-12-18 09:57:39', '2017-12-18 09:57:39'),
(412, 3, 42, 45, '2017-12-18 09:57:39', '2017-12-18 09:57:39'),
(413, 3, 43, 45, '2017-12-18 09:57:39', '2017-12-18 09:57:39'),
(414, 3, 44, 45, '2017-12-18 09:57:39', '2017-12-18 09:57:39'),
(415, 3, 45, 45, '2017-12-18 09:57:39', '2017-12-18 09:57:39'),
(416, 3, 46, 45, '2017-12-18 09:57:39', '2017-12-18 09:57:39'),
(417, 3, 47, 45, '2017-12-18 09:57:39', '2017-12-18 09:57:39'),
(418, 3, 48, 45, '2017-12-18 09:57:39', '2017-12-18 09:57:39'),
(419, 3, 2, 60, '2017-12-19 05:12:04', '2017-12-19 05:12:04'),
(420, 3, 6, 60, '2017-12-19 05:12:04', '2017-12-19 05:12:04'),
(421, 3, 10, 60, '2017-12-19 05:12:04', '2017-12-19 05:12:04'),
(422, 3, 27, 60, '2017-12-19 05:12:04', '2017-12-19 05:12:04'),
(423, 3, 31, 60, '2017-12-19 05:12:04', '2017-12-19 05:12:04'),
(424, 3, 35, 60, '2017-12-19 05:12:04', '2017-12-19 05:12:04'),
(425, 3, 39, 60, '2017-12-19 05:12:04', '2017-12-19 05:12:04'),
(426, 3, 23, 47, '2017-12-19 05:17:05', '2017-12-19 05:17:05'),
(427, 3, 24, 47, '2017-12-19 05:17:05', '2017-12-19 05:17:05'),
(428, 3, 25, 47, '2017-12-19 05:17:05', '2017-12-19 05:17:05'),
(429, 3, 26, 47, '2017-12-19 05:17:05', '2017-12-19 05:17:05'),
(430, 3, 27, 47, '2017-12-19 05:17:05', '2017-12-19 05:17:05'),
(431, 3, 28, 47, '2017-12-19 05:17:05', '2017-12-19 05:17:05'),
(432, 3, 29, 47, '2017-12-19 05:17:05', '2017-12-19 05:17:05'),
(433, 3, 30, 47, '2017-12-19 05:17:05', '2017-12-19 05:17:05'),
(434, 3, 31, 47, '2017-12-19 05:17:05', '2017-12-19 05:17:05'),
(435, 3, 32, 47, '2017-12-19 05:17:05', '2017-12-19 05:17:05'),
(436, 3, 33, 47, '2017-12-19 05:17:05', '2017-12-19 05:17:05'),
(437, 3, 34, 47, '2017-12-19 05:17:05', '2017-12-19 05:17:05'),
(438, 3, 35, 47, '2017-12-19 05:17:05', '2017-12-19 05:17:05'),
(439, 3, 36, 47, '2017-12-19 05:17:05', '2017-12-19 05:17:05'),
(440, 3, 37, 47, '2017-12-19 05:17:05', '2017-12-19 05:17:05'),
(441, 3, 38, 47, '2017-12-19 05:17:05', '2017-12-19 05:17:05'),
(442, 3, 39, 47, '2017-12-19 05:17:05', '2017-12-19 05:17:05'),
(443, 3, 40, 47, '2017-12-19 05:17:05', '2017-12-19 05:17:05'),
(444, 3, 41, 47, '2017-12-19 05:17:05', '2017-12-19 05:17:05'),
(445, 3, 42, 47, '2017-12-19 05:17:05', '2017-12-19 05:17:05'),
(446, 3, 43, 47, '2017-12-19 05:17:05', '2017-12-19 05:17:05'),
(447, 3, 44, 47, '2017-12-19 05:17:05', '2017-12-19 05:17:05'),
(448, 3, 45, 47, '2017-12-19 05:17:05', '2017-12-19 05:17:05'),
(449, 3, 46, 47, '2017-12-19 05:17:05', '2017-12-19 05:17:05'),
(450, 3, 47, 47, '2017-12-19 05:17:05', '2017-12-19 05:17:05'),
(451, 3, 31, 62, '2017-12-19 10:25:42', '2017-12-19 10:25:42'),
(452, 3, 32, 62, '2017-12-19 10:25:42', '2017-12-19 10:25:42'),
(453, 3, 33, 62, '2017-12-19 10:25:42', '2017-12-19 10:25:42'),
(454, 3, 34, 62, '2017-12-19 10:25:42', '2017-12-19 10:25:42'),
(455, 3, 35, 62, '2017-12-19 10:25:42', '2017-12-19 10:25:42'),
(456, 3, 36, 62, '2017-12-19 10:25:42', '2017-12-19 10:25:42'),
(457, 3, 37, 62, '2017-12-19 10:25:42', '2017-12-19 10:25:42'),
(458, 3, 38, 62, '2017-12-19 10:25:42', '2017-12-19 10:25:42'),
(459, 3, 39, 62, '2017-12-19 10:25:42', '2017-12-19 10:25:42'),
(460, 3, 40, 62, '2017-12-19 10:25:42', '2017-12-19 10:25:42'),
(461, 3, 41, 62, '2017-12-19 10:25:42', '2017-12-19 10:25:42'),
(462, 3, 42, 62, '2017-12-19 10:25:42', '2017-12-19 10:25:42'),
(463, 3, 43, 62, '2017-12-19 10:25:42', '2017-12-19 10:25:42'),
(464, 3, 44, 62, '2017-12-19 10:25:42', '2017-12-19 10:25:42'),
(465, 3, 45, 62, '2017-12-19 10:25:42', '2017-12-19 10:25:42'),
(474, 4, 16, 62, '2017-12-20 05:48:47', '2017-12-20 05:48:47'),
(475, 4, 17, 62, '2017-12-20 05:48:47', '2017-12-20 05:48:47'),
(476, 4, 18, 62, '2017-12-20 05:48:47', '2017-12-20 05:48:47'),
(477, 4, 19, 62, '2017-12-20 05:48:47', '2017-12-20 05:48:47'),
(478, 4, 20, 62, '2017-12-20 05:48:47', '2017-12-20 05:48:47'),
(479, 4, 21, 62, '2017-12-20 05:48:47', '2017-12-20 05:48:47'),
(480, 4, 22, 62, '2017-12-20 05:48:47', '2017-12-20 05:48:47'),
(481, 4, 23, 62, '2017-12-20 05:48:47', '2017-12-20 05:48:47'),
(482, 4, 24, 62, '2017-12-20 05:48:47', '2017-12-20 05:48:47'),
(483, 4, 25, 62, '2017-12-20 05:48:47', '2017-12-20 05:48:47'),
(484, 4, 26, 62, '2017-12-20 05:48:47', '2017-12-20 05:48:47'),
(485, 4, 27, 62, '2017-12-20 05:48:47', '2017-12-20 05:48:47'),
(486, 4, 28, 62, '2017-12-20 05:48:47', '2017-12-20 05:48:47'),
(487, 4, 29, 62, '2017-12-20 05:48:47', '2017-12-20 05:48:47'),
(488, 4, 30, 62, '2017-12-20 05:48:47', '2017-12-20 05:48:47'),
(489, 4, 31, 62, '2017-12-20 05:48:47', '2017-12-20 05:48:47'),
(490, 4, 32, 62, '2017-12-20 05:48:47', '2017-12-20 05:48:47'),
(491, 4, 33, 62, '2017-12-20 05:48:47', '2017-12-20 05:48:47'),
(492, 4, 34, 62, '2017-12-20 05:48:47', '2017-12-20 05:48:47'),
(493, 4, 35, 62, '2017-12-20 05:48:47', '2017-12-20 05:48:47'),
(494, 4, 36, 62, '2017-12-20 05:48:47', '2017-12-20 05:48:47'),
(495, 4, 37, 62, '2017-12-20 05:48:47', '2017-12-20 05:48:47'),
(496, 4, 38, 62, '2017-12-20 05:48:47', '2017-12-20 05:48:47'),
(497, 4, 39, 62, '2017-12-20 05:48:47', '2017-12-20 05:48:47'),
(498, 4, 40, 62, '2017-12-20 05:48:47', '2017-12-20 05:48:47'),
(499, 4, 41, 62, '2017-12-20 05:48:47', '2017-12-20 05:48:47'),
(500, 4, 42, 62, '2017-12-20 05:48:47', '2017-12-20 05:48:47'),
(501, 4, 43, 62, '2017-12-20 05:48:47', '2017-12-20 05:48:47'),
(502, 4, 44, 62, '2017-12-20 05:48:47', '2017-12-20 05:48:47'),
(503, 4, 45, 62, '2017-12-20 05:48:47', '2017-12-20 05:48:47'),
(504, 4, 46, 62, '2017-12-20 05:48:47', '2017-12-20 05:48:47'),
(505, 4, 47, 62, '2017-12-20 05:48:47', '2017-12-20 05:48:47'),
(506, 4, 48, 62, '2017-12-20 05:48:47', '2017-12-20 05:48:47'),
(507, 2, 4, 5, '2017-12-20 10:20:34', '2017-12-20 10:20:34'),
(508, 2, 8, 5, '2017-12-20 10:20:34', '2017-12-20 10:20:34');

-- --------------------------------------------------------

--
-- Table structure for table `doctor_motherlanguages`
--

CREATE TABLE `doctor_motherlanguages` (
  `id` bigint(20) NOT NULL,
  `user_id` bigint(20) NOT NULL,
  `mother_language_id` bigint(20) NOT NULL,
  `created_at` timestamp NOT NULL DEFAULT CURRENT_TIMESTAMP,
  `updated_at` timestamp NULL DEFAULT CURRENT_TIMESTAMP ON UPDATE CURRENT_TIMESTAMP
) ENGINE=InnoDB DEFAULT CHARSET=latin1;

--
-- Dumping data for table `doctor_motherlanguages`
--

INSERT INTO `doctor_motherlanguages` (`id`, `user_id`, `mother_language_id`, `created_at`, `updated_at`) VALUES
(1, 5, 2, '2017-12-13 00:12:52', '2017-12-13 00:12:52'),
(2, 6, 1, '2017-12-13 00:14:39', '2017-12-13 00:14:39'),
(3, 8, 1, '2017-12-13 02:50:54', '2017-12-13 02:50:54'),
(4, 17, 1, '2017-12-13 05:38:45', '2017-12-13 05:38:45'),
(5, 22, 1, '2017-12-13 17:57:47', '2017-12-13 17:57:47'),
(6, 28, 1, '2017-12-13 19:18:53', '2017-12-13 19:18:53'),
(7, 29, 1, '2017-12-13 19:28:22', '2017-12-13 19:28:22'),
(8, 30, 1, '2017-12-13 19:38:52', '2017-12-13 19:38:52'),
(12, 33, 1, '2017-12-13 22:35:59', '2017-12-13 22:35:59'),
(13, 35, 2, '2017-12-13 23:34:16', '2017-12-13 23:34:16'),
(15, 36, 3, '2017-12-14 18:56:46', '2017-12-14 18:56:46'),
(16, 39, 1, '2017-12-14 20:16:27', '2017-12-14 20:16:27'),
(17, 40, 1, '2017-12-14 20:34:00', '2017-12-14 20:34:00'),
(18, 41, 1, '2017-12-14 20:40:52', '2017-12-14 20:40:52'),
(19, 42, 1, '2017-12-14 22:32:38', '2017-12-14 22:32:38'),
(20, 43, 1, '2017-12-14 22:48:38', '2017-12-14 22:48:38'),
(21, 45, 3, '2017-12-14 16:19:43', '2017-12-14 16:19:43'),
(22, 47, 1, '2017-12-15 10:50:05', '2017-12-15 10:50:05'),
(23, 59, 1, '2017-12-18 12:21:08', '2017-12-18 12:21:08'),
(24, 60, 1, '2017-12-19 10:41:51', '2017-12-19 10:41:51'),
(25, 62, 1, '2017-12-19 15:17:37', '2017-12-19 15:17:37'),
(26, 64, 2, '2017-12-19 17:57:00', '2017-12-19 17:57:00');

-- --------------------------------------------------------

--
-- Table structure for table `doctor_qualifications`
--

CREATE TABLE `doctor_qualifications` (
  `id` bigint(20) NOT NULL,
  `user_id` int(11) NOT NULL,
  `qualification_id` int(11) NOT NULL COMMENT 'qualification id from category and subcategory table',
  `created_at` timestamp NOT NULL DEFAULT CURRENT_TIMESTAMP,
  `updated_at` timestamp NOT NULL DEFAULT CURRENT_TIMESTAMP ON UPDATE CURRENT_TIMESTAMP
) ENGINE=InnoDB DEFAULT CHARSET=latin1;

--
-- Dumping data for table `doctor_qualifications`
--

INSERT INTO `doctor_qualifications` (`id`, `user_id`, `qualification_id`, `created_at`, `updated_at`) VALUES
(1, 5, 4, '2017-12-13 00:12:52', '2017-12-13 00:12:52'),
(2, 5, 5, '2017-12-13 00:12:52', '2017-12-13 00:12:52'),
(3, 6, 4, '2017-12-13 00:14:39', '2017-12-13 00:14:39'),
(4, 6, 5, '2017-12-13 00:14:39', '2017-12-13 00:14:39'),
(5, 6, 6, '2017-12-13 00:14:39', '2017-12-13 00:14:39'),
(6, 8, 5, '2017-12-13 02:50:54', '2017-12-13 02:50:54'),
(7, 8, 6, '2017-12-13 02:50:54', '2017-12-13 02:50:54'),
(8, 17, 5, '2017-12-13 05:38:45', '2017-12-13 05:38:45'),
(9, 17, 6, '2017-12-13 05:38:45', '2017-12-13 05:38:45'),
(10, 22, 5, '2017-12-13 17:57:47', '2017-12-13 17:57:47'),
(11, 22, 6, '2017-12-13 17:57:47', '2017-12-13 17:57:47'),
(12, 28, 4, '2017-12-13 19:18:53', '2017-12-13 19:18:53'),
(13, 28, 5, '2017-12-13 19:18:53', '2017-12-13 19:18:53'),
(14, 28, 6, '2017-12-13 19:18:53', '2017-12-13 19:18:53'),
(15, 29, 5, '2017-12-13 19:28:22', '2017-12-13 19:28:22'),
(16, 29, 7, '2017-12-13 19:28:22', '2017-12-13 19:28:22'),
(17, 30, 5, '2017-12-13 19:38:52', '2017-12-13 19:38:52'),
(18, 30, 7, '2017-12-13 19:38:52', '2017-12-13 19:38:52'),
(25, 33, 6, '2017-12-13 22:35:59', '2017-12-13 22:35:59'),
(26, 33, 7, '2017-12-13 22:35:59', '2017-12-13 22:35:59'),
(27, 35, 5, '2017-12-13 23:34:16', '2017-12-13 23:34:16'),
(28, 35, 6, '2017-12-13 23:34:16', '2017-12-13 23:34:16'),
(31, 36, 4, '2017-12-14 18:56:46', '2017-12-14 18:56:46'),
(32, 36, 5, '2017-12-14 18:56:46', '2017-12-14 18:56:46'),
(33, 39, 2, '2017-12-14 20:16:27', '2017-12-14 20:16:27'),
(34, 39, 3, '2017-12-14 20:16:27', '2017-12-14 20:16:27'),
(35, 39, 6, '2017-12-14 20:16:27', '2017-12-14 20:16:27'),
(36, 40, 3, '2017-12-14 20:34:00', '2017-12-14 20:34:00'),
(37, 40, 4, '2017-12-14 20:34:00', '2017-12-14 20:34:00'),
(38, 40, 5, '2017-12-14 20:34:00', '2017-12-14 20:34:00'),
(39, 41, 5, '2017-12-14 20:40:52', '2017-12-14 20:40:52'),
(40, 41, 6, '2017-12-14 20:40:52', '2017-12-14 20:40:52'),
(41, 42, 1, '2017-12-14 22:32:38', '2017-12-14 22:32:38'),
(42, 42, 5, '2017-12-14 22:32:38', '2017-12-14 22:32:38'),
(43, 42, 6, '2017-12-14 22:32:38', '2017-12-14 22:32:38'),
(44, 43, 5, '2017-12-14 22:48:38', '2017-12-14 22:48:38'),
(45, 43, 6, '2017-12-14 22:48:38', '2017-12-14 22:48:38'),
(46, 45, 1, '2017-12-14 16:19:43', '2017-12-14 16:19:43'),
(47, 45, 3, '2017-12-14 16:19:43', '2017-12-14 16:19:43'),
(48, 45, 5, '2017-12-14 16:19:43', '2017-12-14 16:19:43'),
(49, 47, 4, '2017-12-15 10:50:05', '2017-12-15 10:50:05'),
(50, 47, 5, '2017-12-15 10:50:05', '2017-12-15 10:50:05'),
(51, 47, 6, '2017-12-15 10:50:05', '2017-12-15 10:50:05'),
(52, 59, 2, '2017-12-18 12:21:08', '2017-12-18 12:21:08'),
(53, 59, 3, '2017-12-18 12:21:08', '2017-12-18 12:21:08'),
(54, 60, 2, '2017-12-19 10:41:51', '2017-12-19 10:41:51'),
(55, 60, 3, '2017-12-19 10:41:51', '2017-12-19 10:41:51'),
(56, 62, 4, '2017-12-19 15:17:37', '2017-12-19 15:17:37'),
(57, 62, 5, '2017-12-19 15:17:37', '2017-12-19 15:17:37'),
(58, 62, 6, '2017-12-19 15:17:37', '2017-12-19 15:17:37'),
(59, 64, 4, '2017-12-19 17:57:00', '2017-12-19 17:57:00');

-- --------------------------------------------------------

--
-- Table structure for table `migrations`
--

CREATE TABLE `migrations` (
  `id` int(10) UNSIGNED NOT NULL,
  `migration` varchar(255) COLLATE utf8mb4_unicode_ci NOT NULL,
  `batch` int(11) NOT NULL
) ENGINE=InnoDB DEFAULT CHARSET=utf8mb4 COLLATE=utf8mb4_unicode_ci;

--
-- Dumping data for table `migrations`
--

INSERT INTO `migrations` (`id`, `migration`, `batch`) VALUES
(1, '2014_10_12_000000_create_users_table', 1),
(2, '2014_10_12_100000_create_password_resets_table', 1);

-- --------------------------------------------------------

--
-- Table structure for table `mother_languages`
--

CREATE TABLE `mother_languages` (
  `id` int(11) NOT NULL,
  `name` varchar(255) NOT NULL,
  `created_at` timestamp NOT NULL DEFAULT CURRENT_TIMESTAMP,
  `updated_at` timestamp NOT NULL DEFAULT CURRENT_TIMESTAMP ON UPDATE CURRENT_TIMESTAMP
) ENGINE=InnoDB DEFAULT CHARSET=latin1;

--
-- Dumping data for table `mother_languages`
--

INSERT INTO `mother_languages` (`id`, `name`, `created_at`, `updated_at`) VALUES
(1, 'English', '2017-10-28 07:55:38', '2017-11-02 09:45:17'),
(2, 'Arabic', '2017-10-28 07:55:43', '2017-11-02 09:45:25'),
(3, 'Hindi', '2017-10-28 07:55:48', '2017-11-02 09:45:32');

-- --------------------------------------------------------

--
-- Table structure for table `notifications`
--

CREATE TABLE `notifications` (
  `id` bigint(20) NOT NULL,
  `doctor_id` bigint(20) DEFAULT NULL,
  `patient_id` bigint(20) DEFAULT NULL,
  `type` int(11) NOT NULL COMMENT '1 (Rescheduled appointment) 2 (Scheduled appointment) ',
  `appointment_id` int(11) NOT NULL,
  `appointment_status` varchar(255) DEFAULT NULL,
  `created_at` timestamp NOT NULL DEFAULT CURRENT_TIMESTAMP,
  `updated_at` timestamp NOT NULL DEFAULT CURRENT_TIMESTAMP ON UPDATE CURRENT_TIMESTAMP
) ENGINE=MyISAM DEFAULT CHARSET=latin1;

--
-- Dumping data for table `notifications`
--

INSERT INTO `notifications` (`id`, `doctor_id`, `patient_id`, `type`, `appointment_id`, `appointment_status`, `created_at`, `updated_at`) VALUES
(1, 45, 34, 2, 16, NULL, '2017-12-18 09:33:10', '2017-12-18 09:33:10'),
(2, 45, 34, 7, 16, NULL, '2017-12-18 09:33:38', '2017-12-18 09:33:38'),
(3, 45, 34, 2, 17, NULL, '2017-12-18 09:56:38', '2017-12-18 09:56:38'),
(4, 45, 34, 9, 17, NULL, '2017-12-18 10:00:53', '2017-12-18 10:00:53'),
(5, 45, 34, 8, 17, NULL, '2017-12-18 10:01:05', '2017-12-18 10:01:05'),
(6, 45, 34, 2, 18, NULL, '2017-12-18 10:02:27', '2017-12-18 10:02:27'),
(7, 5, 52, 11, 6, NULL, '2017-12-18 11:02:26', '2017-12-18 11:02:26'),
(8, 5, 52, 2, 19, NULL, '2017-12-18 11:17:05', '2017-12-18 11:17:05'),
(9, 5, 52, 11, 19, NULL, '2017-12-18 11:18:50', '2017-12-18 11:18:50'),
(10, 5, 52, 2, 20, NULL, '2017-12-18 11:23:02', '2017-12-18 11:23:02'),
(11, 5, 52, 11, 20, NULL, '2017-12-18 11:23:14', '2017-12-18 11:23:14'),
(12, 62, 63, 2, 21, NULL, '2017-12-19 10:26:04', '2017-12-19 10:26:04'),
(13, 62, 63, 9, 21, NULL, '2017-12-19 10:26:58', '2017-12-19 10:26:58'),
(14, 33, 52, 2, 22, NULL, '2017-12-19 10:39:28', '2017-12-19 10:39:28'),
(15, 33, 52, 2, 23, NULL, '2017-12-19 11:27:48', '2017-12-19 11:27:48'),
(16, 33, 52, 7, 22, NULL, '2017-12-19 11:34:19', '2017-12-19 11:34:19'),
(17, 33, 52, 7, 22, NULL, '2017-12-19 11:35:30', '2017-12-19 11:35:30'),
(18, 33, 52, 7, 23, NULL, '2017-12-19 11:52:20', '2017-12-19 11:52:20'),
(19, 33, 52, 11, 22, NULL, '2017-12-19 11:52:33', '2017-12-19 11:52:33'),
(20, 33, 52, 2, 24, NULL, '2017-12-19 11:54:47', '2017-12-19 11:54:47'),
(21, 5, 52, 2, 25, NULL, '2017-12-19 12:05:11', '2017-12-19 12:05:11'),
(22, 62, 63, 2, 26, NULL, '2017-12-19 17:25:14', '2017-12-19 17:25:14'),
(23, 62, 63, 9, 26, NULL, '2017-12-19 17:25:38', '2017-12-19 17:25:38'),
(24, 62, 63, 2, 27, NULL, '2017-12-20 05:52:28', '2017-12-20 05:52:28'),
(25, 5, 52, 9, 25, NULL, '2017-12-20 06:33:08', '2017-12-20 06:33:08'),
(26, 62, 63, 9, 27, NULL, '2017-12-20 06:39:18', '2017-12-20 06:39:18'),
(27, 62, 63, 2, 28, NULL, '2017-12-20 09:39:27', '2017-12-20 09:39:27'),
(28, 62, 63, 2, 29, NULL, '2017-12-20 09:39:37', '2017-12-20 09:39:37'),
(29, 62, 63, 2, 30, NULL, '2017-12-20 09:39:47', '2017-12-20 09:39:47'),
(30, 62, 63, 2, 31, NULL, '2017-12-20 09:40:00', '2017-12-20 09:40:00'),
(31, 62, 63, 9, 31, NULL, '2017-12-20 09:40:37', '2017-12-20 09:40:37'),
(32, 62, 63, 9, 30, NULL, '2017-12-20 09:40:40', '2017-12-20 09:40:40'),
(33, 62, 63, 9, 29, NULL, '2017-12-20 09:40:42', '2017-12-20 09:40:42'),
(34, 62, 63, 9, 28, NULL, '2017-12-20 09:40:44', '2017-12-20 09:40:44'),
(35, 5, 52, 2, 32, NULL, '2017-12-20 09:43:18', '2017-12-20 09:43:18'),
(36, 5, 52, 9, 32, NULL, '2017-12-20 09:43:35', '2017-12-20 09:43:35'),
(37, 5, 52, 2, 33, NULL, '2017-12-20 09:44:08', '2017-12-20 09:44:08');

-- --------------------------------------------------------

--
-- Table structure for table `otp`
--

CREATE TABLE `otp` (
  `id` bigint(20) NOT NULL,
  `user_id` bigint(20) NOT NULL,
  `otp` varchar(255) DEFAULT NULL,
  `varified` int(11) NOT NULL DEFAULT '0' COMMENT '0 (false) 1 (true)',
  `created_at` timestamp NOT NULL DEFAULT CURRENT_TIMESTAMP,
  `updated_at` timestamp NOT NULL DEFAULT CURRENT_TIMESTAMP ON UPDATE CURRENT_TIMESTAMP
) ENGINE=InnoDB DEFAULT CHARSET=latin1;

--
-- Dumping data for table `otp`
--

INSERT INTO `otp` (`id`, `user_id`, `otp`, `varified`, `created_at`, `updated_at`) VALUES
(1, 1, '', 1, '2017-12-12 23:47:10', '2017-12-12 23:50:16'),
(2, 2, '', 1, '2017-12-12 23:53:53', '2017-12-12 23:56:40'),
(3, 3, '', 1, '2017-12-13 00:05:12', '2017-12-13 00:05:23'),
(4, 4, '5521', 0, '2017-12-13 00:07:16', '2017-12-13 00:07:16'),
(5, 5, '', 1, '2017-12-13 00:12:16', '2017-12-13 00:12:25'),
(6, 6, '', 1, '2017-12-13 00:13:48', '2017-12-13 00:14:02'),
(7, 7, '9728', 0, '2017-12-13 02:43:56', '2017-12-13 02:43:56'),
(8, 8, '', 1, '2017-12-13 02:49:33', '2017-12-13 02:50:26'),
(9, 9, '5477', 0, '2017-12-13 02:56:01', '2017-12-13 02:56:01'),
(10, 10, '4290', 0, '2017-12-13 03:00:05', '2017-12-13 03:00:05'),
(11, 11, '1592', 0, '2017-12-13 03:09:18', '2017-12-13 03:09:18'),
(12, 12, '1521', 0, '2017-12-13 04:58:52', '2017-12-13 04:58:52'),
(13, 13, '4191', 0, '2017-12-13 05:01:27', '2017-12-13 05:01:27'),
(14, 14, '9487', 0, '2017-12-13 05:24:21', '2017-12-13 05:24:21'),
(15, 15, '6620', 0, '2017-12-13 05:32:23', '2017-12-13 05:32:23'),
(16, 16, '', 1, '2017-12-13 05:36:31', '2017-12-13 05:36:39'),
(17, 17, '', 1, '2017-12-13 05:37:58', '2017-12-13 05:38:13'),
(18, 18, '5505', 0, '2017-12-13 05:45:53', '2017-12-13 05:45:53'),
(19, 19, '6705', 0, '2017-12-13 05:48:40', '2017-12-13 05:48:40'),
(20, 20, '7661', 0, '2017-12-13 05:50:47', '2017-12-13 05:50:47'),
(21, 21, '', 1, '2017-12-13 17:51:12', '2017-12-13 17:52:00'),
(22, 22, '', 1, '2017-12-13 17:56:03', '2017-12-13 17:57:06'),
(23, 23, '', 1, '2017-12-13 18:04:08', '2017-12-13 18:04:28'),
(24, 24, '9764', 0, '2017-12-13 18:43:52', '2017-12-13 18:43:52'),
(25, 25, '2415', 0, '2017-12-13 18:57:19', '2017-12-13 18:57:19'),
(26, 26, '6784', 0, '2017-12-13 18:59:56', '2017-12-13 18:59:56'),
(27, 27, '', 1, '2017-12-13 19:07:19', '2017-12-13 19:08:09'),
(28, 28, '', 1, '2017-12-13 19:18:06', '2017-12-13 19:18:18'),
(29, 29, '', 1, '2017-12-13 19:21:51', '2017-12-13 19:27:38'),
(30, 30, '', 1, '2017-12-13 19:37:41', '2017-12-13 19:37:53'),
(31, 31, '', 1, '2017-12-13 19:43:31', '2017-12-13 19:43:53'),
(32, 32, '2988', 0, '2017-12-13 19:47:25', '2017-12-13 19:47:25'),
(33, 33, '', 1, '2017-12-13 19:51:17', '2017-12-13 19:51:27'),
(34, 34, '', 1, '2017-12-13 20:06:58', '2017-12-13 20:07:08'),
(35, 35, '', 1, '2017-12-13 23:33:29', '2017-12-13 23:33:43'),
(36, 36, '', 1, '2017-12-14 18:50:24', '2017-12-14 18:50:37'),
(37, 37, '5129', 0, '2017-12-14 19:22:03', '2017-12-14 19:22:03'),
(38, 38, '', 1, '2017-12-14 19:51:41', '2017-12-14 19:52:02'),
(39, 39, '', 1, '2017-12-14 20:15:55', '2017-12-14 20:16:03'),
(40, 40, '', 1, '2017-12-14 20:28:34', '2017-12-14 20:28:39'),
(41, 41, '', 1, '2017-12-14 20:40:17', '2017-12-14 20:40:23'),
(42, 42, '', 1, '2017-12-14 22:29:37', '2017-12-14 22:30:06'),
(43, 43, '', 1, '2017-12-14 22:47:24', '2017-12-14 22:47:52'),
(44, 44, '3453', 0, '2017-12-14 16:18:18', '2017-12-14 16:18:18'),
(45, 45, '', 1, '2017-12-14 16:18:48', '2017-12-14 16:19:01'),
(46, 46, '', 1, '2017-12-14 16:25:05', '2017-12-14 16:25:17'),
(47, 47, '', 1, '2017-12-15 10:48:53', '2017-12-15 10:49:00'),
(48, 48, '', 1, '2017-12-15 11:12:22', '2017-12-15 11:12:29'),
(49, 49, '', 1, '2017-12-15 11:16:45', '2017-12-15 11:16:49'),
(50, 50, '', 1, '2017-12-15 15:23:29', '2017-12-15 15:24:11'),
(51, 51, '4065', 0, '2017-12-15 22:10:04', '2017-12-15 22:16:54'),
(52, 52, '', 1, '2017-12-17 15:02:18', '2017-12-17 15:02:21'),
(53, 53, '', 1, '2017-12-18 00:12:49', '2017-12-18 00:12:53'),
(54, 54, '5830', 0, '2017-12-18 11:27:53', '2017-12-18 11:27:53'),
(55, 55, '2423', 0, '2017-12-18 11:29:57', '2017-12-18 11:29:57'),
(56, 56, '7025', 0, '2017-12-18 11:31:46', '2017-12-18 11:31:46'),
(57, 57, '6215', 0, '2017-12-18 11:32:34', '2017-12-18 11:32:34'),
(58, 58, '6131', 0, '2017-12-18 11:33:05', '2017-12-18 11:33:05'),
(59, 59, '', 1, '2017-12-18 12:20:40', '2017-12-18 12:20:44'),
(60, 60, '', 1, '2017-12-19 10:41:29', '2017-12-19 10:41:31'),
(61, 61, '7245', 0, '2017-12-19 13:27:30', '2017-12-19 13:27:30'),
(62, 62, '', 1, '2017-12-19 15:15:53', '2017-12-19 15:16:50'),
(63, 63, '', 1, '2017-12-19 15:54:48', '2017-12-19 15:54:58'),
(64, 64, '', 1, '2017-12-19 17:56:31', '2017-12-19 17:56:34');

-- --------------------------------------------------------

--
-- Table structure for table `password_resets`
--

CREATE TABLE `password_resets` (
  `email` varchar(255) COLLATE utf8mb4_unicode_ci NOT NULL,
  `token` varchar(255) COLLATE utf8mb4_unicode_ci NOT NULL,
  `created_at` timestamp NULL DEFAULT NULL
) ENGINE=InnoDB DEFAULT CHARSET=utf8mb4 COLLATE=utf8mb4_unicode_ci;

-- --------------------------------------------------------

--
-- Table structure for table `patient_bookmarks`
--

CREATE TABLE `patient_bookmarks` (
  `id` bigint(20) NOT NULL,
  `patient_id` bigint(20) NOT NULL,
  `doctor_id` bigint(20) NOT NULL,
  `created_at` timestamp NOT NULL DEFAULT CURRENT_TIMESTAMP,
  `updated_at` timestamp NOT NULL DEFAULT CURRENT_TIMESTAMP ON UPDATE CURRENT_TIMESTAMP
) ENGINE=InnoDB DEFAULT CHARSET=latin1;

--
-- Dumping data for table `patient_bookmarks`
--

INSERT INTO `patient_bookmarks` (`id`, `patient_id`, `doctor_id`, `created_at`, `updated_at`) VALUES
(1, 46, 42, '2017-12-14 20:01:44', '2017-12-14 20:01:44'),
(2, 52, 33, '2017-12-18 20:23:14', '2017-12-18 20:23:14'),
(3, 52, 39, '2017-12-18 20:43:01', '2017-12-18 20:43:01'),
(4, 52, 40, '2017-12-19 18:29:33', '2017-12-19 18:29:33'),
(5, 52, 5, '2017-12-20 10:43:13', '2017-12-20 10:43:13'),
(6, 63, 33, '2017-12-20 12:14:42', '2017-12-20 12:14:42'),
(7, 63, 39, '2017-12-20 12:14:43', '2017-12-20 12:14:43'),
(8, 63, 62, '2017-12-20 12:14:46', '2017-12-20 12:14:46'),
(9, 63, 47, '2017-12-20 12:14:47', '2017-12-20 12:14:47');

-- --------------------------------------------------------

--
-- Table structure for table `qualifications`
--

CREATE TABLE `qualifications` (
  `id` bigint(20) NOT NULL,
  `name` varchar(255) NOT NULL,
  `status` bigint(20) NOT NULL DEFAULT '1',
  `created_at` timestamp NOT NULL DEFAULT CURRENT_TIMESTAMP,
  `updated_at` timestamp NOT NULL DEFAULT CURRENT_TIMESTAMP ON UPDATE CURRENT_TIMESTAMP
) ENGINE=InnoDB DEFAULT CHARSET=latin1;

--
-- Dumping data for table `qualifications`
--

INSERT INTO `qualifications` (`id`, `name`, `status`, `created_at`, `updated_at`) VALUES
(1, 'MBBS', 1, '2017-10-27 11:24:59', '2017-11-02 09:39:26'),
(2, 'Board', 1, '2017-10-27 11:25:17', '2017-11-02 09:39:36'),
(3, 'Fellowship', 1, '2017-10-27 11:25:22', '2017-11-02 09:39:49'),
(4, 'Bachelor', 1, '2017-10-27 11:25:28', '2017-12-13 19:56:59'),
(5, 'Master', 1, '2017-11-02 09:42:04', '2017-11-03 06:23:47'),
(6, 'PHD', 1, '2017-11-02 09:42:21', '2017-11-02 09:42:21'),
(7, 'BDS', 1, '2017-11-02 09:42:37', '2017-11-02 09:42:37');

-- --------------------------------------------------------

--
-- Table structure for table `reviews`
--

CREATE TABLE `reviews` (
  `id` bigint(20) NOT NULL,
  `patient_id` bigint(20) NOT NULL,
  `appointment_id` bigint(20) NOT NULL,
  `doctor_id` int(11) NOT NULL,
  `review_text` text,
  `rating` int(11) NOT NULL,
  `status_by_doctor` int(11) DEFAULT '0' COMMENT '0 ( if doctor not published) , 1 (if doctor accept to publish) 2 (if doctor rejected to publish)',
  `created_at` timestamp NOT NULL DEFAULT CURRENT_TIMESTAMP,
  `updated_at` timestamp NOT NULL DEFAULT CURRENT_TIMESTAMP ON UPDATE CURRENT_TIMESTAMP
) ENGINE=InnoDB DEFAULT CHARSET=latin1;

--
-- Dumping data for table `reviews`
--

INSERT INTO `reviews` (`id`, `patient_id`, `appointment_id`, `doctor_id`, `review_text`, `rating`, `status_by_doctor`, `created_at`, `updated_at`) VALUES
(1, 63, 27, 62, 'Test review', 5, 1, '2017-12-20 13:26:38', '2017-12-20 15:01:09'),
(2, 63, 31, 62, 'You are a bad doctor!!!!,  messageTextView  .isScrollEnabled = true messageTextView .isScrollEnabled = true. messageTextView .isScrollEnabled = true', 1, 2, '2017-12-20 15:15:26', '2017-12-20 15:31:16'),
(3, 63, 28, 62, NULL, 3, 0, '2017-12-20 15:32:25', '2017-12-20 15:32:25'),
(4, 63, 29, 62, 'This is single line review.', 3, 1, '2017-12-20 15:32:48', '2017-12-20 15:36:54'),
(5, 63, 30, 62, 'This is multi line review. This message has geenrated by system to check multiline review. Is it fit proper or not?', 5, 1, '2017-12-20 15:36:24', '2017-12-20 15:36:55');

-- --------------------------------------------------------

--
-- Table structure for table `sub_categories`
--

CREATE TABLE `sub_categories` (
  `id` bigint(20) NOT NULL,
  `category_id` int(11) NOT NULL,
  `name` varchar(255) NOT NULL,
  `status` int(11) NOT NULL DEFAULT '1',
  `created_at` timestamp NOT NULL DEFAULT CURRENT_TIMESTAMP ON UPDATE CURRENT_TIMESTAMP,
  `updated_at` timestamp NOT NULL DEFAULT CURRENT_TIMESTAMP
) ENGINE=InnoDB DEFAULT CHARSET=latin1;

--
-- Dumping data for table `sub_categories`
--

INSERT INTO `sub_categories` (`id`, `category_id`, `name`, `status`, `created_at`, `updated_at`) VALUES
(1, 1, 'speciality1', 1, '2017-10-26 12:21:54', '2017-10-25 13:30:08'),
(2, 1, 'speciality2', 1, '2017-10-26 10:31:30', '2017-10-25 13:30:16'),
(3, 2, 'qualification1', 1, '2017-10-26 10:31:07', '2017-10-25 13:30:29'),
(4, 2, 'qualification2', 1, '2017-10-26 10:31:14', '2017-10-25 13:30:39');

-- --------------------------------------------------------

--
-- Table structure for table `time_slots`
--

CREATE TABLE `time_slots` (
  `id` int(11) NOT NULL,
  `start_time` time DEFAULT NULL,
  `end_time` time DEFAULT NULL,
  `created_at` timestamp NOT NULL DEFAULT CURRENT_TIMESTAMP,
  `updated_at` timestamp NOT NULL DEFAULT CURRENT_TIMESTAMP ON UPDATE CURRENT_TIMESTAMP
) ENGINE=InnoDB DEFAULT CHARSET=latin1;

--
-- Dumping data for table `time_slots`
--

INSERT INTO `time_slots` (`id`, `start_time`, `end_time`, `created_at`, `updated_at`) VALUES
(1, '00:00:00', '00:30:00', '2017-10-28 05:57:32', '2017-11-15 10:52:05'),
(2, '00:30:00', '01:00:00', '2017-10-28 05:57:32', '2017-11-15 10:55:07'),
(3, '01:00:00', '01:30:00', '2017-10-28 05:57:32', '2017-11-15 10:57:38'),
(4, '01:30:00', '02:00:00', '2017-10-28 05:57:32', '2017-11-15 10:58:46'),
(5, '02:00:00', '02:30:00', '2017-10-28 05:57:32', '2017-11-15 10:59:33'),
(6, '02:30:00', '03:00:00', '2017-10-28 05:57:32', '2017-11-15 10:59:56'),
(7, '03:00:00', '03:30:00', '2017-10-28 05:57:32', '2017-11-15 11:00:54'),
(8, '03:30:00', '04:00:00', '2017-10-28 05:57:32', '2017-11-15 11:01:18'),
(9, '04:00:00', '04:30:00', '2017-10-28 05:57:32', '2017-11-15 11:02:06'),
(10, '04:30:00', '05:00:00', '2017-10-28 05:57:32', '2017-11-15 11:02:32'),
(11, '05:00:00', '05:30:00', '2017-10-28 05:57:32', '2017-11-15 11:03:00'),
(12, '05:30:00', '06:00:00', '2017-10-28 05:57:32', '2017-11-15 11:03:32'),
(13, '06:00:00', '06:30:00', '2017-10-28 05:57:32', '2017-11-15 11:03:58'),
(14, '06:30:00', '07:00:00', '2017-10-28 05:57:32', '2017-11-15 11:04:13'),
(15, '07:00:00', '07:30:00', '2017-10-28 05:57:32', '2017-11-15 11:04:49'),
(16, '07:30:00', '08:00:00', '2017-10-28 05:57:32', '2017-11-15 11:05:10'),
(17, '08:00:00', '08:30:00', '2017-10-28 05:57:32', '2017-11-15 11:05:37'),
(18, '08:30:00', '09:00:00', '2017-10-28 05:57:32', '2017-11-15 11:06:29'),
(19, '09:00:00', '09:30:00', '2017-10-28 05:57:32', '2017-11-15 11:06:59'),
(20, '09:30:00', '10:00:00', '2017-10-28 05:57:32', '2017-11-15 11:07:18'),
(21, '10:00:00', '10:30:00', '2017-10-28 05:57:32', '2017-11-15 11:07:49'),
(22, '10:30:00', '11:00:00', '2017-10-28 05:57:32', '2017-11-15 11:08:20'),
(23, '11:00:00', '11:30:00', '2017-10-28 05:57:32', '2017-11-15 11:09:35'),
(24, '11:30:00', '12:00:00', '2017-10-28 05:57:32', '2017-11-15 11:10:28'),
(25, '12:00:00', '12:30:00', '2017-10-28 05:57:32', '2017-11-15 11:11:08'),
(26, '12:30:00', '13:00:00', '2017-10-28 05:57:32', '2017-11-15 11:11:41'),
(27, '13:00:00', '13:30:00', '2017-10-28 05:57:32', '2017-11-15 11:14:03'),
(28, '13:30:00', '14:00:00', '2017-10-28 05:57:32', '2017-11-15 11:14:46'),
(29, '14:00:00', '14:30:00', '2017-10-28 05:57:32', '2017-11-15 11:15:16'),
(30, '14:30:00', '15:00:00', '2017-10-28 05:57:32', '2017-11-15 11:15:53'),
(31, '15:00:00', '15:30:00', '2017-10-28 05:57:32', '2017-11-15 11:16:14'),
(32, '15:30:00', '16:00:00', '2017-10-28 05:57:32', '2017-11-15 11:16:46'),
(33, '16:00:00', '16:30:00', '2017-10-28 05:57:32', '2017-11-15 11:17:24'),
(34, '16:30:00', '17:00:00', '2017-10-28 05:57:32', '2017-11-15 11:17:53'),
(35, '17:00:00', '17:30:00', '2017-10-28 05:57:32', '2017-11-15 11:18:31'),
(36, '17:30:00', '18:00:00', '2017-10-28 05:57:32', '2017-11-15 11:18:52'),
(37, '18:00:00', '18:30:00', '2017-10-28 05:57:32', '2017-11-15 11:19:23'),
(38, '18:30:00', '19:00:00', '2017-10-28 05:57:32', '2017-11-15 11:19:56'),
(39, '19:00:00', '19:30:00', '2017-10-28 05:57:32', '2017-11-15 11:20:15'),
(40, '19:30:00', '20:00:00', '2017-10-28 05:57:32', '2017-11-15 11:20:39'),
(41, '20:00:00', '20:30:00', '2017-10-28 05:57:32', '2017-11-15 11:21:11'),
(42, '20:30:00', '21:00:00', '2017-10-28 05:57:32', '2017-11-15 11:21:44'),
(43, '21:00:00', '21:30:00', '2017-10-28 05:57:32', '2017-11-15 11:22:10'),
(44, '21:30:00', '22:00:00', '2017-10-28 05:57:32', '2017-11-15 11:22:32'),
(45, '22:00:00', '22:30:00', '2017-10-28 05:57:32', '2017-11-15 11:21:44'),
(46, '22:30:00', '23:00:00', '2017-10-28 05:57:32', '2017-11-15 11:21:08'),
(47, '23:00:00', '23:30:00', '2017-10-28 05:57:32', '2017-11-15 11:20:25'),
(48, '23:30:00', '23:59:59', '2017-10-28 05:57:32', '2017-11-15 11:18:32');

-- --------------------------------------------------------

--
-- Table structure for table `users`
--

CREATE TABLE `users` (
  `id` bigint(20) NOT NULL,
  `firebase_id` varchar(255) COLLATE utf8mb4_unicode_ci DEFAULT NULL,
  `name` varchar(255) COLLATE utf8mb4_unicode_ci NOT NULL,
  `email` varchar(255) COLLATE utf8mb4_unicode_ci NOT NULL,
  `country_code` varchar(255) COLLATE utf8mb4_unicode_ci NOT NULL,
  `mobile` varchar(255) COLLATE utf8mb4_unicode_ci NOT NULL,
  `password` varchar(255) COLLATE utf8mb4_unicode_ci NOT NULL,
  `profile_image` varchar(255) COLLATE utf8mb4_unicode_ci DEFAULT NULL,
  `speciality_id` bigint(20) DEFAULT NULL,
  `experience` bigint(20) DEFAULT '0',
  `working_place` varchar(255) COLLATE utf8mb4_unicode_ci DEFAULT '',
  `latitude` varchar(255) COLLATE utf8mb4_unicode_ci DEFAULT NULL,
  `longitude` varchar(255) COLLATE utf8mb4_unicode_ci DEFAULT NULL,
  `about_me` varchar(255) COLLATE utf8mb4_unicode_ci DEFAULT '',
  `remember_token` varchar(100) COLLATE utf8mb4_unicode_ci DEFAULT NULL,
  `device_token` varchar(255) COLLATE utf8mb4_unicode_ci NOT NULL,
  `device_type` enum('0','1') COLLATE utf8mb4_unicode_ci NOT NULL COMMENT '0(android),1(ios)',
  `user_type` int(11) NOT NULL COMMENT '1 (Doctor) , 2 (Patient)',
  `medical_licence_number` varchar(255) COLLATE utf8mb4_unicode_ci DEFAULT NULL,
  `issuing_country` varchar(255) COLLATE utf8mb4_unicode_ci DEFAULT NULL,
  `status` int(11) NOT NULL DEFAULT '1',
  `profile_status` bigint(20) NOT NULL DEFAULT '0' COMMENT '0( not complete) 1 ( completed)',
  `notification` int(11) NOT NULL DEFAULT '1' COMMENT '1 (on) 0 (off)',
  `language` enum('en','ar') COLLATE utf8mb4_unicode_ci NOT NULL DEFAULT 'en',
  `created_at` timestamp NULL DEFAULT NULL,
  `updated_at` timestamp NULL DEFAULT NULL
) ENGINE=InnoDB DEFAULT CHARSET=utf8mb4 COLLATE=utf8mb4_unicode_ci;

--
-- Dumping data for table `users`
--

INSERT INTO `users` (`id`, `firebase_id`, `name`, `email`, `country_code`, `mobile`, `password`, `profile_image`, `speciality_id`, `experience`, `working_place`, `latitude`, `longitude`, `about_me`, `remember_token`, `device_token`, `device_type`, `user_type`, `medical_licence_number`, `issuing_country`, `status`, `profile_status`, `notification`, `language`, `created_at`, `updated_at`) VALUES
(3, '654161', 'Shubham Agarwal', 'mwshubham@gmail.com', '+966', '8285453910', '$2y$10$nBOcr7JuEGLOm1rX/BHrV.8dF60aXBD0YDQoQFdjjmh7XhgPz1UDa', NULL, NULL, 0, '', NULL, NULL, '', '49a63d2c696a2e9c8c038ee5a65755a0', '12345678', '0', 2, NULL, NULL, 1, 0, 1, 'ar', '2017-12-13 00:05:12', '2017-12-18 17:50:05'),
(5, 'cr4n-sSZYB4:APA91bG99OuQg2e1w-jnpayySpw4i-BQvf75kaKAwUSfTd3zZ5YrVHCXAvoboaSg6pDauQXYU55YnOWkdtdk6l7bokkDXIol_gUcQSKyC_VXsocpAQGrWojfAqBNM1s5tKKZAPayz35b', 'Doctor', 'doctor@fluper.com', '+966', '5656454243', '$2y$10$BRx7MlFzk5eNF7K1zw0Fpuc8BRSYuidR/t36JN//hstnkkYB.cua2', '_1513078972_Doctory-profile-placeholder.png', 8, 7, 'Noida', NULL, NULL, NULL, '8446274e91d0f07ee4373ed2d0b7146f', 'cr4n-sSZYB4:APA91bG99OuQg2e1w-jnpayySpw4i-BQvf75kaKAwUSfTd3zZ5YrVHCXAvoboaSg6pDauQXYU55YnOWkdtdk6l7bokkDXIol_gUcQSKyC_VXsocpAQGrWojfAqBNM1s5tKKZAPayz35b', '0', 1, '12345qwe', 'Saudi Arabia', 1, 1, 1, 'en', '2017-12-13 00:12:16', '2017-12-20 15:12:14'),
(33, 'Et0g5Bp6gkQrWFbD7hZtL7JyD0q1', 'Doctor 1', 'doctor1@gmail.com', '+966', '9876544444', '$2y$10$lvLQEZgzRyhgC20XDGC4POhU/rlEPiWxqDxAP64sMlbk/dsyCncK6', '_1513159559_1513159559.jpeg', 1, 1, 'Yhg', '0.0', '0.0', 'Test', '4b98a45f3f4bd364431781f327a4f1d7', 'wefwefwefwefwefwefwefrgrtbr', '1', 1, 'BBCVBVB', 'Saudi Arabia', 1, 1, 1, 'en', '2017-12-13 19:51:17', '2017-12-18 18:36:11'),
(34, 'XjQIsbaOghYarW8d4FDqHEsRlvl1', 'Patient 1', 'patient1@gmail.com', '+966', '9876542323', '$2y$10$3NdYn6vhYmTlDVOIC6ua3ukDlN1CkouV7XWeCjT6rVdqFXKjrYW/y', '_1513159396_1513159396.jpeg', NULL, 0, '', NULL, NULL, '', '5617e2aaf6c1c6b4e5876b6e45915c87', '12345', '1', 2, NULL, NULL, 1, 1, 1, 'en', '2017-12-13 20:06:58', '2017-12-18 12:51:28'),
(35, 'ONLMnhYpVpYhvMpnMCGLsYqFInE3', 'Qqq', 'qqq@gmail.com', '+966', '85888899', '$2y$10$p3LjLFNY//yi1uIX6ze16eX5yvZcW33oEyJoyXoulyuFveCU20oje', '_1513163055_1513163055.jpeg', 3, 5, 'Chcjcjv', '0.0', '0.0', 'Chcjcjvkvk', 'de277f67ea886f6061ae7e9357a9804b', '12345', '1', 1, 'CHCJVK', 'Saudi Arabia', 1, 1, 1, 'en', '2017-12-13 23:33:29', '2017-12-13 23:34:16'),
(36, NULL, 'Dr.monika', 'monika123sharma@gmail.com', '+966', '845849449', '$2y$10$uRNTND6UpqARw0275dJs..aO0trowz4NtNiDEDI4WqwZ7BtgdPVOy', '_1513232806_1513232806.jpeg', 11, 1, 'Hdjskskjjn', '0.0', '0.0', 'Jsjsksksk', '21b753c74c874b52ba0837e37a3c7c82', '12345', '1', 1, 'HDJSKSKS', 'Saudi Arabia', 1, 1, 1, 'en', '2017-12-14 18:50:24', '2017-12-14 19:17:27'),
(37, NULL, 'Test Doctor', 'test1234@gmail.com', '+966', '9876543434', '$2y$10$W7BSTn1HXT2mrkpzcVUFAulEd1OPDcOWQkJbtJMqJxk5kWawOII7u', NULL, NULL, 0, '', NULL, NULL, '', '4464dee2c8fa2c42d47998c99a2b16ca', '12345', '1', 1, NULL, NULL, 1, 0, 1, 'en', '2017-12-14 19:22:03', '2017-12-14 19:23:35'),
(38, NULL, 'Ddc', 'test1122@gmail.com', '+966', '9876543333', '$2y$10$ApOvXn7L.lPiGX7I52AF3ejgiysQOhB5JNPvCsOp6HmSo7D6PnZky', NULL, NULL, 0, '', NULL, NULL, '', '14f886d7ede4a6b96dc63e78edb249ba', '12345', '1', 1, NULL, NULL, 1, 0, 1, 'en', '2017-12-14 19:51:41', '2017-12-14 19:51:41'),
(39, NULL, 'Fdsfdf', 'test2233@gmail.com', '+966', '8765434434', '$2y$10$D9j5AzSUSIptUGbpFRiQfOD.A.Isy8uDVazuaNsffhUIwUyJDpwSW', '_1513237587_1513237587.jpeg', 1, 1, 'Weee', '0.0', '0.0', NULL, '8a1f9eeffa4f6c99164b867ce12479ca', '12345', '1', 1, 'WEWE', 'Saudi Arabia', 1, 1, 1, 'en', '2017-12-14 20:15:55', '2017-12-14 20:16:27'),
(40, NULL, 'Dffdf', 'test3344@gmail.com', '+966', '9876544449', '$2y$10$DfKwH0Zyj91RYu6wbueV1eTPcM6Lm7r75KIfLkur3U.jbSbq7kJ0K', '_1513238640_1513238640.jpeg', 1, 17, 'Reff', '0.0', '0.0', NULL, 'ee8c13c56067a55ce095a6f363f17a40', '12345', '1', 1, 'DFSF', 'Saudi Arabia', 1, 1, 1, 'en', '2017-12-14 20:28:34', '2017-12-14 20:34:00'),
(41, NULL, 'Dsd', 'aaa@aaa.ggg', '+966', '876543344', '$2y$10$fTcr.R3WR2PSbr/.bmR79OPmVKMVgwPVXJcxiiapLmOrknG7AGyJe', '_1513239049_1513239049.jpeg', 1, 1, 'Ewrrewr', '0.0', '0.0', NULL, '97b65a92fb4774723ba026a409dc99d9', '12345', '1', 1, 'eWREWRE', 'Saudi Arabia', 1, 1, 1, 'en', '2017-12-14 20:40:17', '2017-12-14 20:40:52'),
(42, '4KVUWTRGsOfmosbcF1yqPsQejw03', 'Test D', 'test4455@gmail.com', '+966', '98765434332', '$2y$10$uDV.Y0CDC5B806xt3lkQIeP9N.A65grXe.8y2NClzFmLOF9KNKDd.', '_1513245758_1513245758.jpeg', 1, 1, 'Dfdf', '0.0', '0.0', 'Test', '9579c0aee77c406bf453e27d06646baf', '12345', '1', 1, 'DFDSF', 'Saudi Arabia', 1, 1, 1, 'en', '2017-12-14 22:29:37', '2017-12-14 22:44:06'),
(43, 'cviHpUUbnZge9wjqP5ynAVkC9Eq1', 'Test', 'test5566@gmail.com', '+966', '87644343422', '$2y$10$jwQufBiPD9zV3YTklRuQXemfdHdqutm8X4VYC2snBpdFtcY.4Ivze', '_1513246718_1513246718.jpeg', 1, 1, 'Ewfwf', '0.0', '0.0', NULL, 'cdf6e8dfcb775a83c790f3386f7fb59e', '12345', '1', 1, 'EFEWF6', 'Saudi Arabia', 1, 1, 1, 'en', '2017-12-14 22:47:24', '2017-12-14 22:48:38'),
(44, '1111', 'Doctor1', 'doctor1@gmail.comm', '+966', '87849944', '$2y$10$CrM4pSOhC1ZSB2TFHhaG6ebttJMVTtIEbLJPQ46M9nGIl5d32ig0y', NULL, NULL, 0, '', NULL, NULL, '', 'a46f4cd2fe37d972cdf8b83b8e211d58', '12345', '1', 1, NULL, NULL, 1, 0, 1, 'en', '2017-12-14 16:18:18', '2017-12-15 10:57:17'),
(45, '1111', 'Doctor DADA', 'doctor11n@gmail.com', '+966', '878499448', '$2y$10$DAITPaSNkw9Luq2AXXo9wezF1w6fo6awc7M7iq9d5/zD0VwtAMqLy', '_1513248583_1513248578.jpeg', 9, 6, 'Jcjckx', '0.0', '0.0', 'Nxnxmxm', '4bce11ce686e96366d1f321ff583b8a8', '12345', '1', 1, 'JDJDKD', 'Saudi Arabia', 1, 1, 1, 'en', '2017-12-14 16:18:48', '2017-12-18 12:49:51'),
(46, 'qOZpF4zCUNO5rrSNQ5l3RiPdjKT2', 'Patient1', 'patient1b@gmail.com', '+966', '84849490', '$2y$10$SH94m5T0/X/.jYqZim8ceO2/L9rnZSD.uFLefcYmsUMKibgjCF6dq', NULL, NULL, 0, '', NULL, NULL, '', 'f926543a27a6a2071fc0971724bf1804', '12345', '1', 2, NULL, NULL, 1, 0, 1, 'en', '2017-12-14 16:25:05', '2017-12-14 22:32:24'),
(47, 'lVLF0HxCIpa2CbQfZCAgmJVyqDo2', 'Dr. Aggarwal', 'doctor16@gmail.com', '+966', '8765434443', '$2y$10$6cWxbsjQ3mHm0S6em4uywu90lRsYBhOFSkH94xjLagjD2uRuwW3.6', '_1513315204_1513315203.jpeg', 1, 6, 'India', '0.0', '0.0', 'Test', '3a8f49971a869a291695f09392e19d9f', 'wefwefwefwefwefwefwefrgrtbr', '1', 1, 'DF4545', 'Saudi Arabia', 1, 1, 1, 'en', '2017-12-15 10:48:53', '2017-12-19 14:24:20'),
(48, 'KnZWhVVoHyO3Fr3S74eFTjCXjtF2', 'Nitin Aggarwal', 'patient16@gmail.com', '+966', '87654321434', '$2y$10$drjQ/8MVDcAX2gCfEneFwexDonqAtSbzldfzGxd1CE7I35D0b3E9i', NULL, NULL, 0, '', NULL, NULL, '', 'b6db7ade1c47c80c9be80fd97f38b05e', '12345', '1', 2, NULL, NULL, 1, 0, 1, 'en', '2017-12-15 11:12:22', '2017-12-15 11:12:25'),
(49, NULL, 'Patient', 'patient@fluper.com', '+966', '1234567865', '$2y$10$JxaA28mz7vBccs2IoCk6YOc9f0jZ2WUKQzcWZ2JTQi.dap2OIHpfe', NULL, NULL, 0, '', NULL, NULL, '', '48fbb4ffbd7f822861839f61ec3ea441', '12345678', '0', 2, NULL, NULL, 1, 0, 1, 'en', '2017-12-15 11:16:45', '2017-12-15 11:16:45'),
(50, 'rQyC5PY8ROevpuS9Nha0ZNtY2Zp1', 'Gaurav Marvaha Patient', 'gauravmrvh1@gmail.com', '+91', '8410107875', '$2y$10$8Ex7vWfedP7w/pgeB0rRM.6zh6gRfxuYwIXtn5SvCQSqRb8y.7XKm', NULL, NULL, 0, '', NULL, NULL, '', '57d4352e1f009be4f13c929fe40972e9', '12345', '1', 2, NULL, NULL, 1, 0, 1, 'en', '2017-12-15 15:23:29', '2017-12-15 15:23:33'),
(51, 'kJZx0uGaP3gXePTlBumm6WtwMYc2', 'Mohammed', 'M_riyahi@hotmail.com', '+966', '550022538', '$2y$10$Xw5egi8rI6X7ibXJxFWzvu/5geegQmG5iqPtLpsDZ.LM1uN5GJvi2', NULL, NULL, 0, '', NULL, NULL, '', 'e7dfe28b51d2ae8249c16ed9b511540b', '12345', '1', 2, NULL, NULL, 1, 0, 1, 'en', '2017-12-15 22:10:04', '2017-12-15 22:51:16'),
(52, 'foR2p4M392g:APA91bEziCDIxvBve1WTUCrtI367ynnl0rib4mYbE9qdU6GHn5BP2f1OH96aX6GCqzHeTeyPwSFKMcywIbYGgsh32aWtl_97K7oAvIWSqtxNPESg3ezMxljpl8nOf2rC7yBQ6XJEUsQI', 'Patient', 'patient@fluper.in', '+966', '536469412122111', '$2y$10$DVN0m37KgGk617IXDdnm2OxB0Lk9H97ngjxpP16k1w0ZYCRVBKSpi', NULL, NULL, 0, '', NULL, NULL, '', '9d600dabb3daca42d6cb0b476adb3637', '12345', '0', 2, NULL, NULL, 1, 0, 1, 'en', '2017-12-17 15:02:18', '2017-12-20 12:54:22'),
(53, 'dKL0uH50gYY:APA91bER6OKNDJ0Ppufn28nDlzD_6wUv0ApwsWZoMgAPYDGp1S3w2Fv7UeyPvlpFuTtRwgJOdooIeIHT8pw4Tc-E1BJVURqyhkAJpS0tyl0vP4-fJpNdvzxODI_uFrtsAHkz2IHLbFki', 'tesdad', 'dwadw@dwadw.com', '+966', '12312321', '$2y$10$ZS7DTg.bilcjPRX9VivQ5uUbrdH.0SDJU8ngSwOkfO3wNodjjtT.S', NULL, NULL, 0, '', NULL, NULL, '', '2acf35383caee537db48965f8cc6f41b', '12345678', '0', 2, NULL, NULL, 1, 0, 1, 'en', '2017-12-18 00:12:49', '2017-12-18 00:12:59'),
(58, 'I8Zug6icJqS1TnnCkn5I3qXYFlr2', 'Yy', 'tg@gmail.comm', '+91', '8802313782', '$2y$10$t2WiHtqYfeu55lJ0PTSAb.zyq1y4YXeGZQIjzVhWqcq.IYWccwwwu', NULL, NULL, 0, '', NULL, NULL, '', 'ae6a410e2b5c4e692e02d70d0b6a01f2', '12345', '1', 1, NULL, NULL, 1, 0, 1, 'en', '2017-12-18 11:33:05', '2017-12-18 11:33:08'),
(59, 'ee3gyOFOVXU:APA91bHWdYCwU-dblVHEWDMK1Nmdh3lPMniVSIwnrq8wpJN2vSqMUkreIeHXlUl-8KE2z-FW5fapJTBmNFT-2W_tpZyr-U1MwhdWM8TLIE1_PqcR132r6-SXBLAZM3QOj0ZvotIktdwq', 'dwadwa', 'qwewq@dwa.com', '+966', '4654644423424', '$2y$10$S0qi6MAv4Be5q/PxjERe0eN5h2J8pXVpLwYkxzcWPMw3T9uz9UWDq', '_1513579868_Doctory-profile-placeholder.png', 3, 4, 'wadwad', NULL, NULL, 'dwadwad', 'bf8d56ee6b34606f341aaa0f16cc7f4b', 'ee3gyOFOVXU:APA91bHWdYCwU-dblVHEWDMK1Nmdh3lPMniVSIwnrq8wpJN2vSqMUkreIeHXlUl-8KE2z-FW5fapJTBmNFT-2W_tpZyr-U1MwhdWM8TLIE1_PqcR132r6-SXBLAZM3QOj0ZvotIktdwq', '0', 1, 'dwadwa', 'Saudi Arabia', 1, 1, 1, 'en', '2017-12-18 12:20:40', '2017-12-18 12:21:08'),
(60, 'ecH2ohiXKsE:APA91bEH2EXvMWO58dKiDHpmj6QP4M61hhZJfF_NcchiDnp1FAuAEbag7pS1ZYIooZ7EoDzVK1yD77exTi7z-lUSaOm2TU4k3Y59GcnnQvPTiRMVAy-1dMwVe8oWV7h950qx0mI3GWPA', 'test', 'dawd@fwadwa.com', '+966', '213123123213213', '$2y$10$kh4HXTRMRKsm6/ipzJ7BTuvV6LKf.f23uDvmLQaZ4zHc2fp1bH.d.', '_1513660311_Doctory-profile-placeholder.png', 1, 7, 'awdwad', NULL, NULL, NULL, 'e7cda1da1ed59957fe9c2406264ac09d', 'ecH2ohiXKsE:APA91bEH2EXvMWO58dKiDHpmj6QP4M61hhZJfF_NcchiDnp1FAuAEbag7pS1ZYIooZ7EoDzVK1yD77exTi7z-lUSaOm2TU4k3Y59GcnnQvPTiRMVAy-1dMwVe8oWV7h950qx0mI3GWPA', '0', 1, 'dwadwad', 'Saudi Arabia', 1, 1, 1, 'en', '2017-12-19 10:41:29', '2017-12-19 10:41:51'),
(61, 'S6akDncxzJWZIK89q2Wm8NUanzC3', 'Test Doctor', 'test001@gmail.com', '+966', '8675454354', '$2y$10$bFy.iB7R4yzJbFU57JY56.n/IaKhvJY6ZG35180t3KkoqUhzNLlQy', NULL, NULL, 0, '', NULL, NULL, '', 'abc346f92de6575a40437823bb22a398', '12345', '1', 1, NULL, NULL, 1, 0, 1, 'en', '2017-12-19 13:27:30', '2017-12-19 13:27:37'),
(62, 'BCLP3QRaLXaYoTk6CLaUbK8mctL2', 'Doctor A', 'doctora@gmail.com', '+966', '9876435222', '$2y$10$N9BEU/9gyfdXWrr7PG.BKuGElNyUxoJ4HW.EEgsZSbqwg3AdM70rm', '_1513676857_1513676855.jpeg', 1, 23, 'India', '0.0', '0.0', NULL, 'e95fdf04037ca94fca4f73a4243371cf', '12345', '1', 1, 'VVCXVE4', 'Saudi Arabia', 1, 1, 1, 'en', '2017-12-19 15:15:53', '2017-12-19 18:48:43'),
(63, 'aqRb6x74VYQz5VJmkvsewShCBzi1', 'Nitin Agam', 'patienta@gmail.com', '+966', '7654322344', '$2y$10$WQjHlXXoDI4R/xZZXSdTnu/.8qcJD9E79cA0s.ghvOaKOImf4pzRC', '_1513707457_1513707457.jpeg', NULL, 0, '', NULL, NULL, '', 'b74f3759938f3bc12fdf6f7b5a56a416', '12345', '1', 2, NULL, NULL, 1, 1, 1, 'en', '2017-12-19 15:54:48', '2017-12-19 23:47:37'),
(64, 'cr4n-sSZYB4:APA91bG99OuQg2e1w-jnpayySpw4i-BQvf75kaKAwUSfTd3zZ5YrVHCXAvoboaSg6pDauQXYU55YnOWkdtdk6l7bokkDXIol_gUcQSKyC_VXsocpAQGrWojfAqBNM1s5tKKZAPayz35b', 'test', 'dawd@dwadwa.com', '+966', '73213123213', '$2y$10$Dz9CeVeFzLAvsaD.vub/u.umKfIfh9K8RNXkO9BKvbEw4wC801/ae', '_1513686420_Doctory-profile-placeholder.png', 3, 5, 'wdad', NULL, NULL, NULL, '10108891ab2b285004f1e2f70dc5eb60', 'cr4n-sSZYB4:APA91bG99OuQg2e1w-jnpayySpw4i-BQvf75kaKAwUSfTd3zZ5YrVHCXAvoboaSg6pDauQXYU55YnOWkdtdk6l7bokkDXIol_gUcQSKyC_VXsocpAQGrWojfAqBNM1s5tKKZAPayz35b', '0', 1, 'dwadawd', 'Saudi Arabia', 1, 1, 1, 'en', '2017-12-19 17:56:31', '2017-12-19 17:57:00');

--
-- Indexes for dumped tables
--

--
-- Indexes for table `admins`
--
ALTER TABLE `admins`
  ADD PRIMARY KEY (`id`);

--
-- Indexes for table `appointments`
--
ALTER TABLE `appointments`
  ADD PRIMARY KEY (`id`);

--
-- Indexes for table `categories`
--
ALTER TABLE `categories`
  ADD PRIMARY KEY (`id`);

--
-- Indexes for table `days`
--
ALTER TABLE `days`
  ADD PRIMARY KEY (`id`);

--
-- Indexes for table `doctor_availabilities`
--
ALTER TABLE `doctor_availabilities`
  ADD PRIMARY KEY (`id`);

--
-- Indexes for table `doctor_motherlanguages`
--
ALTER TABLE `doctor_motherlanguages`
  ADD PRIMARY KEY (`id`);

--
-- Indexes for table `doctor_qualifications`
--
ALTER TABLE `doctor_qualifications`
  ADD PRIMARY KEY (`id`);

--
-- Indexes for table `migrations`
--
ALTER TABLE `migrations`
  ADD PRIMARY KEY (`id`);

--
-- Indexes for table `mother_languages`
--
ALTER TABLE `mother_languages`
  ADD PRIMARY KEY (`id`);

--
-- Indexes for table `notifications`
--
ALTER TABLE `notifications`
  ADD PRIMARY KEY (`id`);

--
-- Indexes for table `otp`
--
ALTER TABLE `otp`
  ADD PRIMARY KEY (`id`);

--
-- Indexes for table `password_resets`
--
ALTER TABLE `password_resets`
  ADD KEY `password_resets_email_index` (`email`(191));

--
-- Indexes for table `patient_bookmarks`
--
ALTER TABLE `patient_bookmarks`
  ADD PRIMARY KEY (`id`);

--
-- Indexes for table `qualifications`
--
ALTER TABLE `qualifications`
  ADD PRIMARY KEY (`id`),
  ADD UNIQUE KEY `name` (`name`);

--
-- Indexes for table `reviews`
--
ALTER TABLE `reviews`
  ADD PRIMARY KEY (`id`);

--
-- Indexes for table `sub_categories`
--
ALTER TABLE `sub_categories`
  ADD PRIMARY KEY (`id`);

--
-- Indexes for table `time_slots`
--
ALTER TABLE `time_slots`
  ADD PRIMARY KEY (`id`);

--
-- Indexes for table `users`
--
ALTER TABLE `users`
  ADD PRIMARY KEY (`id`);

--
-- AUTO_INCREMENT for dumped tables
--

--
-- AUTO_INCREMENT for table `admins`
--
ALTER TABLE `admins`
  MODIFY `id` bigint(20) NOT NULL AUTO_INCREMENT, AUTO_INCREMENT=2;
--
-- AUTO_INCREMENT for table `appointments`
--
ALTER TABLE `appointments`
  MODIFY `id` int(11) NOT NULL AUTO_INCREMENT, AUTO_INCREMENT=34;
--
-- AUTO_INCREMENT for table `categories`
--
ALTER TABLE `categories`
  MODIFY `id` bigint(20) NOT NULL AUTO_INCREMENT, AUTO_INCREMENT=21;
--
-- AUTO_INCREMENT for table `days`
--
ALTER TABLE `days`
  MODIFY `id` int(11) NOT NULL AUTO_INCREMENT, AUTO_INCREMENT=8;
--
-- AUTO_INCREMENT for table `doctor_availabilities`
--
ALTER TABLE `doctor_availabilities`
  MODIFY `id` bigint(20) NOT NULL AUTO_INCREMENT, AUTO_INCREMENT=509;
--
-- AUTO_INCREMENT for table `doctor_motherlanguages`
--
ALTER TABLE `doctor_motherlanguages`
  MODIFY `id` bigint(20) NOT NULL AUTO_INCREMENT, AUTO_INCREMENT=27;
--
-- AUTO_INCREMENT for table `doctor_qualifications`
--
ALTER TABLE `doctor_qualifications`
  MODIFY `id` bigint(20) NOT NULL AUTO_INCREMENT, AUTO_INCREMENT=60;
--
-- AUTO_INCREMENT for table `mother_languages`
--
ALTER TABLE `mother_languages`
  MODIFY `id` int(11) NOT NULL AUTO_INCREMENT, AUTO_INCREMENT=5;
--
-- AUTO_INCREMENT for table `notifications`
--
ALTER TABLE `notifications`
  MODIFY `id` bigint(20) NOT NULL AUTO_INCREMENT, AUTO_INCREMENT=38;
--
-- AUTO_INCREMENT for table `otp`
--
ALTER TABLE `otp`
  MODIFY `id` bigint(20) NOT NULL AUTO_INCREMENT, AUTO_INCREMENT=65;
--
-- AUTO_INCREMENT for table `patient_bookmarks`
--
ALTER TABLE `patient_bookmarks`
  MODIFY `id` bigint(20) NOT NULL AUTO_INCREMENT, AUTO_INCREMENT=10;
--
-- AUTO_INCREMENT for table `qualifications`
--
ALTER TABLE `qualifications`
  MODIFY `id` bigint(20) NOT NULL AUTO_INCREMENT, AUTO_INCREMENT=9;
--
-- AUTO_INCREMENT for table `reviews`
--
ALTER TABLE `reviews`
  MODIFY `id` bigint(20) NOT NULL AUTO_INCREMENT, AUTO_INCREMENT=6;
--
-- AUTO_INCREMENT for table `sub_categories`
--
ALTER TABLE `sub_categories`
  MODIFY `id` bigint(20) NOT NULL AUTO_INCREMENT, AUTO_INCREMENT=5;
--
-- AUTO_INCREMENT for table `time_slots`
--
ALTER TABLE `time_slots`
  MODIFY `id` int(11) NOT NULL AUTO_INCREMENT, AUTO_INCREMENT=49;
--
-- AUTO_INCREMENT for table `users`
--
ALTER TABLE `users`
  MODIFY `id` bigint(20) NOT NULL AUTO_INCREMENT, AUTO_INCREMENT=65;
/*!40101 SET CHARACTER_SET_CLIENT=@OLD_CHARACTER_SET_CLIENT */;
/*!40101 SET CHARACTER_SET_RESULTS=@OLD_CHARACTER_SET_RESULTS */;
/*!40101 SET COLLATION_CONNECTION=@OLD_COLLATION_CONNECTION */;
